sample_id,tmi_mae_nt,tmi_rmse_nt,tmi_relative_l2,tmi_correlation
sample_001100,10.268488108459419,33.122472413609,5.6595878245157225,0.9672170838042502
sample_001101,0.6508410681966703,2.056132742746186,0.13369815289598616,0.9907987308209758
sample_001102,5.684828143109493,19.20104631190843,1.844448879290135,0.8579446288704924
sample_001103,8.26147863849636,29.55227690402564,0.6612901882106768,0.847042905884349
sample_001104,2.4959811768546096,5.347128948892184,1.4528331454727752,0.9965138020711267
sample_001105,2.9415203950863984,7.410657139753237,2.5292840345123926,0.9982747053684766
sample_001106,1.5132313401540467,3.586973099297635,0.6023343095829193,0.9924782104388374
sample_001107,0.01637553868974766,0.026724763832243172,0.12466659984849665,0.9960410649052627
sample_001108,20.47259540920911,59.71665021491325,0.5318646491467847,0.9088725655081219
sample_001109,5.726966944318842,21.78069095920318,0.35408158348223384,0.9350431528834064
sample_001110,4.49907602387535,13.334508681993901,11.251340262207396,0.9539958458640775
sample_001111,5.005511790798228,17.181836288124728,1.0045564724777045,0.9587509461082763
sample_001112,4.387839679358551,10.901540916834557,0.47866536328559545,0.992533585343633
sample_001113,2.475023158787881,6.1791708669608285,1.0942713412348253,0.9897818019975335
sample_001114,2.7010638368627924,6.224868825370072,1.7130514544915312,0.9965816178259752
sample_001115,5.209666446875785,15.44514473916081,2.644650206732847,0.8935860393597891
sample_001116,2.8591885342507695,11.852154417065812,0.37743148778844127,0.9787931106590715
sample_001117,13.709213128953062,31.29899071055092,0.7057543569093466,0.9871419874566382
sample_001118,13.286045707910553,56.282424994468656,10.352017088265443,0.7204574949341338
sample_001119,0.8588460433506001,1.8481824248639733,0.34338974065206485,0.967385105176866
sample_001120,1.2279487635999018,3.3110500525430204,0.5090871442471179,0.979635965070417
sample_001121,10.836699824285253,35.67539860334299,5.421991750400609,0.9297620139679706
sample_001122,13.18736689007145,51.45082648867764,7.6265623906692745,0.7862497300972606
sample_001123,1.5627013862792203,4.9250566104632245,0.28077107292799597,0.9708271311576863
sample_001124,0.02615060185779335,0.06828854475319775,0.3693181909906006,0.9925404271367976
sample_001125,4.196404623898408,11.559928644081616,3.1272598814522463,0.9854459910162686
sample_001126,2.3552322186807655,5.265180575291338,0.2999554517450162,0.9851868020987296
sample_001127,0.04876079609117531,0.10031708208159945,0.9177092943208106,0.9883737151343296
sample_001128,7.201145735516422,24.15435226291473,14.287951266236647,0.9787224627049754
sample_001129,7.460945325514215,27.57659475578215,55.945073079088054,0.957811828922035
sample_001130,4.185653331899887,11.836297766790834,4.033760813173855,0.9901682568194472
sample_001131,2.0137345624923313,4.306838410203228,1.014413004281816,0.9952777940663529
sample_001132,11.420143040511702,48.7493869561992,1.8412976639583236,0.7803162202440022
sample_001133,0.04401514107408374,0.09150414505517179,0.5181956976601054,0.996140040339838
sample_001134,1.7458605258465572,6.003364186975537,0.1586936645199667,0.9894478468027316
sample_001135,4.112871990759913,14.497412747318139,0.6179702154064005,0.8873878108725397
sample_001136,1.6516289849522707,4.253976619999672,0.5927408877668467,0.9949998659238388
sample_001137,0.7401285247259856,1.805114901838951,0.20006719636206025,0.9902566211817897
sample_001138,1.8340137497002722,4.0694914257351344,4.677620780421432,0.9972075714606136
sample_001139,1.824962746881919,4.056515477907816,6.333586256874481,0.9927394064547576
sample_001140,4.725388989860789,13.126588041857287,4.654640250611461,0.9609062392401019
sample_001141,2.9405624584887993,8.395721437901162,1.237760695041255,0.9770493086926046
sample_001142,5.344657454801438,15.465184184211333,0.49783283084829544,0.94504597406061
sample_001143,11.120505660394747,38.64562068572159,0.6328747847497748,0.8044330281757426
sample_001144,3.092144922960754,7.943573383570095,1.947142928059869,0.9858179186549719
sample_001145,7.096964254449044,23.417057549526646,27.421699747729484,0.9577120790101318
sample_001146,2.557947482386121,6.887672124862828,6.312229443864767,0.9886353511036434
sample_001147,2.767663234694144,6.706500910434227,1.6910716952226221,0.9983574658723512
sample_001148,2.169409086834723,4.72810342946013,2.359293340712822,0.9958184126870353
sample_001149,3.537392936813027,11.699201274581108,1.1848451410428442,0.9602289671386399
sample_001150,11.154085019231493,47.42372253951036,3.91780885523283,0.6175400322211714
sample_001151,3.6241045083374326,12.606423063995056,1.1123378161102975,0.8606495772123143
sample_001152,3.6521936125820544,11.213935887631814,21.268432780609082,0.9948149619652007
sample_001153,8.705616531704043,31.50448490076684,10.968154524470526,0.9448410740739143
sample_001154,1.0761243261807854,2.675189954442498,0.4748702555908656,0.9817522053098787
sample_001155,12.428416826116022,43.43848257426061,4.065856178878723,0.8824322639181342
sample_001156,4.643748085768547,13.388254621432882,2.685769847115252,0.9596038488361186
sample_001157,6.218604757628637,14.290117125593222,0.5062737855656513,0.9686428697772349
sample_001158,1.6663120974414476,4.499535061127976,0.2812959302311452,0.9922947713814829
sample_001159,3.353490737157191,12.810583238260506,0.5299551487438608,0.9410929361012944
sample_001160,6.106524456324986,23.16156396849016,0.4356893015652658,0.9103578837555142
sample_001161,3.6656084646967453,10.251206536446045,3.319359177657294,0.9811938539675849
sample_001162,2.1974033123780012,4.722678900730022,1.3155868709631995,0.993517691031417
sample_001163,8.255218863626913,34.73956441816939,1.9612276764115812,0.8735055086817107
sample_001164,9.971949555824045,31.56388707648608,18.304814103090713,0.9779111446285
sample_001165,3.0462507947049953,7.496800069021497,2.5014491809552792,0.9974495014243886
sample_001166,12.484122163418347,48.81059709601735,2.6443814350328965,0.9000998488019544
sample_001167,2.0338380616894223,4.345487554532842,6.235928459875048,0.9924964519823605
sample_001168,4.254448755509473,15.0434393568393,0.5807079184012814,0.9543719013114818
sample_001169,13.291070507495107,50.611913010599494,6.406937995178463,0.8760053550139041
sample_001170,6.791798470755625,22.443112811682525,2.4554220114344956,0.9916627381195611
sample_001171,1.8440599221282694,5.860668106647577,0.16387976539447666,0.9864275446674946
sample_001172,1.5556931751362222,4.788399307617426,0.3363889002650869,0.9411451769302783
sample_001173,2.7522659208787075,8.649715170145631,1.2907449286794945,0.9467143066050908
sample_001174,1.6236243502375713,4.43714456535264,0.41029579284403156,0.9921842370989811
sample_001175,1.1783806734318714,2.932108829081845,0.4821497023746982,0.9887126199149467
sample_001176,5.6958706169705735,18.468533802237584,0.8674238681551947,0.9836476550278681
sample_001177,7.956018249152464,25.38053241094857,1.8630412689818134,0.9243868711341526
sample_001178,5.4002687237569225,16.648052589596503,4.383428398607386,0.9275142659596091
sample_001179,1.30347298529534,4.1857816562468395,0.2708135624522102,0.9618735950601411
sample_001180,6.2220082027329875,21.069516174191147,2.2022240827243738,0.9715498797686845
sample_001181,1.1838185870056466,2.163340165152816,0.20500151541167458,0.9895222623268642
sample_001182,10.221513419028305,36.29182718533578,30.998872463638055,0.9768813801102963
sample_001183,2.237880454645286,5.453338381746411,0.9927696728034883,0.9955045479994328
sample_001184,2.0267458898464854,6.158870254250927,0.6579995160225106,0.9780860139635463
sample_001185,1.91960801658132,4.238434987257472,2.1687529081992687,0.9892092565791102
sample_001186,1.2637487648271744,2.8327490007557903,3.268998260423547,0.9807394005836644
sample_001187,1.9811415559895489,4.304886600767112,0.8148094006733838,0.9964375088023375
sample_001188,10.33863703484451,33.89774557871142,21.114613062475325,0.960255377400245
sample_001189,1.8334751573351127,3.9385402559031744,0.7119657179970801,0.9979109461242669
sample_001190,2.478016070775443,9.421950669333775,0.4045484747070231,0.9558151190913371
sample_001191,1.7349977355474089,3.7401846268327827,1.0947277027732845,0.9942279610393191
sample_001192,1.1591278967240426,3.904097841445533,0.29538839879305445,0.9754559138124202
sample_001193,1.41933855010772,4.5959435940505005,0.4886265737115504,0.9567702953691166
sample_001194,2.2835691090088988,5.6188354491953305,1.01496383559814,0.9956602950394906
sample_001195,1.0097850267196617,2.5930080416770873,0.392564889882979,0.9780991046515358
sample_001196,3.641545117923738,10.897375350494087,2.7599608294837767,0.9883147837641152
sample_001197,6.482071404755523,22.174278867235167,1.8584460428682308,0.9908381366521056
sample_001198,12.619326087472185,52.351429899569716,10.896460227860409,0.9183395003657601
sample_001199,1.577303016141296,3.889207870682122,1.0721083574238945,0.9788186756143348
