sample_id,susceptibility_mae_si,susceptibility_rmse_si,susceptibility_relative_l2,support_iou,true_occupied_cells,recovered_occupied_cells
sample_001100,0.0012380390566816065,0.010956341399930921,78.51161801846412,0.006309148264984227,140,1455
sample_001101,0.0008274406263677521,0.008527805998700932,2.7452304907790257,0.13853658536585367,392,775
sample_001102,0.0008410672579371885,0.008888066579862073,8.15831638383955,0.037721324095458045,224,1124
sample_001103,0.0010358646750171497,0.010043658558929284,39.79701162187963,0.05772314270443613,960,1019
sample_001104,0.00043979615050539184,0.006122390795404857,23.970113921866403,0.06635388739946381,336,1255
sample_001105,0.0004694195804777807,0.006635172726794649,14.282341321665035,0.15053763440860216,120,629
sample_001106,0.0005718878778960731,0.00704757902983321,2.5254041947441856,0.1485557083906465,288,547
sample_001107,0.0001868791243552075,0.0017692791039268672,260.1671398374818,0.007751937984496124,72,5258
sample_001108,0.003264779372397149,0.017363413011875318,6.3012752270948145,0.04440710513682189,1350,3001
sample_001109,0.0015485430251228817,0.01229908648662974,52.23872313095581,0.09948415622697127,1408,1576
sample_001110,0.00036754603687573175,0.005099299368726354,594.6035160931566,0.05281828931809224,448,2223
sample_001111,0.0010162662671288254,0.009786855293708732,9.084392067012882,0.08267716535433071,385,990
sample_001112,0.0005709889836521823,0.007104473752764413,10.659945934406647,0.2058596761757903,1008,556
sample_001113,0.0003740044501776626,0.0056177677018805485,87.85009430960325,0.10172272354388844,432,911
sample_001114,0.00045383770848138886,0.00644688086689354,11.934007549302121,0.12640449438202248,192,610
sample_001115,0.0004828006811610781,0.00636068480754338,278.59279680729674,0.11171366594360087,810,1240
sample_001116,0.001128471160639661,0.010483822945574683,73.89013441236624,0.09705611775528979,1120,1265
sample_001117,0.0009257229118514694,0.007497157394217115,1.3480213570049029,0.15370813397129188,1440,489
sample_001118,0.0016339438702774522,0.012643281916962157,167.16720998909219,0.0,40,1812
sample_001119,0.000553167881177492,0.006990944361974091,10.298916350236738,0.10757575757575757,512,950
sample_001120,0.0004496328143420017,0.006383445107654552,20.086271421010274,0.07547169811320754,432,765
sample_001121,0.0009192274983367612,0.009345736924952303,216.78316534903936,0.01654533421575116,252,1284
sample_001122,0.002090102203594301,0.014118131567809908,1178.2745651055793,0.006572769953051643,378,2838
sample_001123,0.0007818962125677055,0.008731613588995967,1.3498746432428672,0.13414634146341464,450,573
sample_001124,0.0002751782457846268,0.002694950775231482,399.99307186451693,0.06868800299457234,420,5290
sample_001125,0.0007043681692899968,0.008223209523073009,9.813420223347103,0.04094292803970223,96,743
sample_001126,0.0006961798304555947,0.00753257914283878,1.2135095476208906,0.2818725099601594,672,615
sample_001127,0.00026935450127788663,0.0021424749840890864,414.18024921573834,0.03038288637420555,216,6431
sample_001128,0.0006666042590363735,0.007439055667948947,226.09653976644353,0.009307135470527405,72,1880
sample_001129,0.0002890223427931261,0.004428613145367224,1088.6754783044587,0.009104704097116844,72,2588
sample_001130,0.0005502525029353742,0.0065469352004219675,307.82583336711144,0.07823613086770982,288,1986
sample_001131,0.0006179560721574434,0.0074278997139680435,5.436642586316563,0.10459770114942529,294,667
sample_001132,0.002516615248851874,0.015762728784214065,111.61981063559827,0.0,330,2661
sample_001133,0.0003218222450575903,0.0023846603175272096,354.0519091134947,0.03233015494636472,360,6569
sample_001134,0.0015329115525400169,0.011940954863556029,7.741725413288259,0.052342971086739784,660,1451
sample_001135,0.0008072134078955804,0.00878448932441774,25.72185537003578,0.0651872399445215,720,816
sample_001136,0.00043472792838901523,0.00617627623012,44.4437867004222,0.2143874643874644,720,985
sample_001137,0.0006414490515526327,0.007197744624022469,2.640064169441219,0.19197396963123645,504,595
sample_001138,0.00026689903236111695,0.002593700594090855,85.38335838984824,0.008954642787619232,120,5063
sample_001139,0.0003181115311918347,0.002408709621938009,216.56024723986954,0.04740406320541761,605,6355
sample_001140,0.0004684279554645554,0.0059602661922617504,355.81713925092606,0.06641721234798878,360,1920
sample_001141,0.0005265976025240453,0.00658977524589056,179.12548505031322,0.17033276931754088,728,1347
sample_001142,0.000724358872706949,0.007624880151204983,4.133915089519791,0.11407407407407408,896,608
sample_001143,0.004064684495892882,0.019787045244432564,6.751312891348883,0.01780821917808219,624,3834
sample_001144,0.0005841845211568544,0.007439414016972653,13.21011924249569,0.17548746518105848,150,694
sample_001145,0.000528431766866522,0.006029947776842388,870.5727857839521,0.011974380395433026,144,3490
sample_001146,0.0002402232117494982,0.0031820852682083664,301.23567930381995,0.05358062854198867,384,3706
sample_001147,0.0005278592136457455,0.007008593612253462,4.733519495661083,0.18874172185430463,132,586
sample_001148,0.00031846114868356364,0.004143676422938855,53.91504359636034,0.039382239382239385,208,2484
sample_001149,0.000853467736958126,0.00906133766941759,14.222338516421045,0.04186489058039962,240,855
sample_001150,0.0023579957096484354,0.01522314227507647,358.8451452465664,0.0,120,2610
sample_001151,0.0004985430455043193,0.006808010053368495,16.8631092176339,0.053763440860215055,416,662
sample_001152,0.0002913589331015542,0.00401290128583589,665.4359714686406,0.009630400832899531,80,3799
sample_001153,0.0009360141598499395,0.008902824546107689,802.5205305241637,0.029647435897435896,300,2270
sample_001154,0.0006131520797854978,0.007323770319645849,5.196155599493719,0.15244596131968147,384,629
sample_001155,0.002817059313347339,0.016609050082868018,64.81362556683133,0.002148557397176182,165,3100
sample_001156,0.000671710464610605,0.007987749250814203,50.94246067319151,0.030783582089552237,180,925
sample_001157,0.0005516521788187135,0.006982992631250927,14.877939444291844,0.18960899839314407,1680,541
sample_001158,0.0005527535747767076,0.007203624946301944,26.963934882999585,0.23246329526916804,910,601
sample_001159,0.000783633174766483,0.008670590217068164,32.2486648589432,0.11310344827586206,768,846
sample_001160,0.0037987820087016593,0.019202453519316185,9.232730064266203,0.011208576998050682,528,3622
sample_001161,0.0005000450678192087,0.006251200752023893,120.98640805548276,0.03402985074626866,192,1540
sample_001162,0.00046157297800390756,0.006202130078794016,24.239875035161592,0.057060518731988474,360,1474
sample_001163,0.0017431391206861942,0.013094448450385538,117.46162836241021,0.008068343616516375,288,1836
sample_001164,0.0006915858873475096,0.007630974917207136,912.9799302750054,0.021310816244471252,390,2150
sample_001165,0.00037037034031411393,0.00527266323159271,98.92279254520543,0.12457221081451061,234,1409
sample_001166,0.0031842689327509243,0.017526620415219827,501.4751319608763,0.005026223776223776,504,4095
sample_001167,0.0003290566070293163,0.0024443986475424957,210.8998419784801,0.03604651162790698,462,6666
sample_001168,0.0012021139125860756,0.01077619664997551,1.9025935133657021,0.04933437744714174,400,940
sample_001169,0.002987161485091408,0.017088992379303683,174.849853560331,0.0,112,3395
sample_001170,0.001060552619320606,0.010152885796088534,47.85304125711793,0.04601006470165349,240,1215
sample_001171,0.0014569386393231834,0.011639854174576745,2.03753489931626,0.05325077399380805,550,1151
sample_001172,0.0006663944642609508,0.007576960798483328,4.218082349946837,0.17722878625134264,450,646
sample_001173,0.00040268967285079653,0.005856835443321748,89.1163498287869,0.04555808656036447,448,929
sample_001174,0.0008359268619643733,0.008840605766329146,2.402261103345401,0.10392364793213149,256,785
sample_001175,0.000475727498075208,0.0065744306673324445,17.017595820906358,0.1480865224625624,504,876
sample_001176,0.0017708854922665355,0.013134654690448146,3.039770537630824,0.02768729641693811,280,1613
sample_001177,0.0011969340504324817,0.01078358975992784,31.857172900741634,0.014392991239048811,325,1296
sample_001178,0.0006354519748045263,0.007098109456056278,209.23305641238588,0.061710398445092324,280,1905
sample_001179,0.0005475602561452868,0.007151432424948595,21.044455944588822,0.27228682170542634,715,598
sample_001180,0.0009973800610368795,0.009841782816093108,35.087797773635195,0.04078549848942598,260,1118
sample_001181,0.0006487331182994915,0.007289167609377147,5.304698523481963,0.1613899613899614,882,622
sample_001182,0.0008070890074370427,0.008184657370951006,1067.5191232511693,0.04441823899371069,432,2225
sample_001183,0.0005158685931903794,0.006892193132679225,11.838376241786891,0.15547263681592038,315,614
sample_001184,0.00043565724342248014,0.006134098589157639,141.50144737806926,0.19041843541540326,1008,955
sample_001185,0.0003343891531401662,0.003426297467534418,98.39654008107232,0.025443660466110754,364,4432
sample_001186,0.00029975520745078324,0.002322587816061248,171.12129018940314,0.044516327788046824,704,6077
sample_001187,0.000515478204065572,0.006837220713065688,9.116504354519051,0.18601747815230962,352,598
sample_001188,0.0006143544826812372,0.006948367154032963,848.8008442383342,0.031020408163265307,288,2238
sample_001189,0.0004530573915160796,0.006404072515512208,15.141395268165686,0.15904761904761905,432,785
sample_001190,0.001088469681422863,0.010011841242896665,2.2749180217614007,0.06693877551020408,396,911
sample_001191,0.0003555314692046732,0.005182212183488334,29.461335075235702,0.07317073170731707,338,1466
sample_001192,0.0006737076356441181,0.007881078811159547,9.343427738436942,0.20748663101604278,440,689
sample_001193,0.0006326154780418835,0.007546655532228259,4.695180437055445,0.1916243654822335,288,651
sample_001194,0.0005257945550468801,0.007009068594403317,22.934129074848773,0.21444954128440366,300,759
sample_001195,0.00047068564360376234,0.006531064038057717,23.328788376493826,0.12,560,952
sample_001196,0.0007073997403946462,0.00832585336573552,3.2507739067386296,0.07077326343381389,90,727
sample_001197,0.0010085256580512811,0.009882785806964063,102.16120797861265,0.04716981132075472,378,1176
sample_001198,0.001283926766580144,0.011089425917636358,246.8051359795266,0.002925687536571094,98,1616
sample_001199,0.0004316189078063251,0.005974340285557302,31.272404550089426,0.04381625441696113,300,1177
