epoch,background_mse_component,background_prediction_mae,background_prediction_mean,body_mse_component,body_prediction_mean,body_susceptibility_loss,depth_loss,depth_profile_loss,global_gradient_norm,loss,prediction_fraction_above_1e_4,prediction_fraction_near_saturation,prediction_maximum,prediction_mean,prediction_minimum,prediction_standard_deviation,sensitivity_loss,susceptibility_amplitude_loss,susceptibility_loss,true_body_prediction_mae,tversky_loss,val_background_mse_component,val_background_prediction_mae,val_background_prediction_mean,val_body_mse_component,val_body_prediction_mean,val_body_susceptibility_loss,val_depth_loss,val_depth_profile_loss,val_global_gradient_norm,val_loss,val_prediction_fraction_above_1e_4,val_prediction_fraction_near_saturation,val_prediction_maximum,val_prediction_mean,val_prediction_minimum,val_prediction_standard_deviation,val_sensitivity_loss,val_susceptibility_amplitude_loss,val_susceptibility_loss,val_true_body_prediction_mae,val_tversky_loss,val_weighted_tversky_loss,val_z_center_loss,weighted_tversky_loss,z_center_loss
0,0.0028430146630853415,0.05080026015639305,0.05080026015639305,0.0022677979432046413,0.05195319652557373,0.0022677979432046413,0.04239780455827713,0.00880480743944645,0.30431607365608215,0.19133776426315308,0.9869822859764099,0.027879424393177032,0.10000000149011612,0.050806064158678055,0.0,0.01620958186686039,0.002703640144318342,0.0020050997845828533,0.0025554057210683823,0.04531804844737053,0.9927797317504883,0.0027861357666552067,0.04952498525381088,0.04952498525381088,0.002105901250615716,0.051418088376522064,0.002105901250615716,0.03796157240867615,0.008151916787028313,0.0,0.1821732521057129,0.964967668056488,0.03891865909099579,0.10000000149011612,0.049534060060977936,0.0,0.018264278769493103,0.0026471547316759825,0.0018528184155002236,0.0024460183922201395,0.04391860589385033,0.9930412769317627,0.09930410981178284,0.029809659346938133,0.0992780476808548,0.03359301760792732
1,0.0029973716009408236,0.049168579280376434,0.049168579280376434,0.002704148180782795,0.0531136617064476,0.002704148180782795,0.035224057734012604,0.008832977153360844,1.5027869939804077,0.17758622765541077,0.9243292808532715,0.0831390768289566,0.10000000149011612,0.04918854683637619,0.0,0.024085620418190956,0.0027613958809524775,0.002276688115671277,0.002850760705769062,0.04627346992492676,0.9924930930137634,0.003453976707533002,0.04862954095005989,0.04862954095005989,0.0029273168183863163,0.05107441544532776,0.0029273168183863163,0.031571418046951294,0.00861372984945774,0.0,0.17080067098140717,0.828871488571167,0.17313364148139954,0.10000000149011612,0.048641275614500046,0.0,0.033005375415086746,0.003007626160979271,0.002191541250795126,0.0031906473450362682,0.04716130718588829,0.9926801323890686,0.09926800429821014,0.022957688197493553,0.09924928098917007,0.026391102001070976
2,0.0031822326127439737,0.0484158992767334,0.0484158992767334,0.0031080900225788355,0.05423258617520332,0.0031080900225788355,0.029537368565797806,0.00883520394563675,2.6992006301879883,0.16684682667255402,0.8594663143157959,0.13524013757705688,0.10000000149011612,0.04844537004828453,0.0,0.028956172987818718,0.002885352121666074,0.0025250690523535013,0.0031451634131371975,0.04723384976387024,0.9921663999557495,0.0033503558952361345,0.04675578698515892,0.04675578698515892,0.0033175963908433914,0.056724950671195984,0.0033175963908433914,0.020934734493494034,0.008216985501348972,0.0,0.15004180371761322,0.8186331391334534,0.16960042715072632,0.10000000149011612,0.04680362716317177,0.0,0.03414172679185867,0.003208245849236846,0.0024208747781813145,0.0033339764922857285,0.0488101989030838,0.9920929074287415,0.09920928627252579,0.012717748060822487,0.09921658039093018,0.020702149718999863
3,0.003363357624039054,0.044050589203834534,0.044050589203834534,0.0037450098898261786,0.05566524714231491,0.0037450098898261786,0.020540891215205193,0.00893554836511612,4.813621520996094,0.1499207764863968,0.8051795363426208,0.18132223188877106,0.10000000149011612,0.04410938918590546,0.0,0.03774238005280495,0.0033848537132143974,0.0026844870299100876,0.0035541870165616274,0.05072356387972832,0.9921543598175049,0.0033576160203665495,0.04258314520120621,0.04258314520120621,0.0034052645787596703,0.05342080816626549,0.0034052645787596703,0.019474294036626816,0.008525270968675613,0.0,0.14721474051475525,0.7792339324951172,0.1986192762851715,0.10000000149011612,0.04263513907790184,0.0,0.03931403532624245,0.0033540630247443914,0.0022698596585541964,0.003381439484655857,0.04827091842889786,0.9926079511642456,0.09926078468561172,0.010949019342660904,0.09921545535326004,0.011605367064476013
4,0.0032967282459139824,0.04181141033768654,0.04181141033768654,0.0036410719621926546,0.05239712446928024,0.0036410719621926546,0.018820062279701233,0.009067841805517673,7.689103126525879,0.1461353302001953,0.7843471765518188,0.19640783965587616,0.10000000149011612,0.04186500981450081,0.0,0.03936941549181938,0.003305827034637332,0.0025007768999785185,0.0034688999876379967,0.048600874841213226,0.9921969175338745,0.0032853411976248026,0.041339337825775146,0.041339337825775146,0.0033245317172259092,0.050772055983543396,0.0033245317172259092,0.018683381378650665,0.008547005243599415,0.0,0.14537005126476288,0.7811847925186157,0.19927816092967987,0.10000000149011612,0.04138458892703056,0.0,0.03971482813358307,0.003245814936235547,0.0021893377415835857,0.0033049362245947123,0.04702427610754967,0.992632269859314,0.09926322847604752,0.010136377066373825,0.09921970218420029,0.009752223268151283
5,0.003230343572795391,0.04068727791309357,0.04068727791309357,0.003569361986592412,0.05021752044558525,0.003569361986592412,0.01766120456159115,0.00909880269318819,8.027803421020508,0.14357732236385345,0.7776522040367126,0.2019633948802948,0.10000000149011612,0.04073552042245865,0.0,0.03970116004347801,0.0032175197266042233,0.002413873327895999,0.0033998519647866488,0.04746017977595329,0.9922360181808472,0.0033870767802000046,0.04147206246852875,0.04147206246852875,0.0033486755564808846,0.04942125827074051,0.0033486755564808846,0.017801770940423012,0.00873247068375349,0.0,0.14350374042987823,0.7460653781890869,0.2281835973262787,0.10000000149011612,0.0415102019906044,0.0,0.040842823684215546,0.0032012953888624907,0.002064723754301667,0.0033678764011710882,0.04640080779790878,0.9926631450653076,0.09926632046699524,0.009069297462701797,0.09922366589307785,0.008562402799725533
6,0.003122949507087469,0.040042974054813385,0.040042974054813385,0.003469673451036215,0.04917176812887192,0.003469673451036215,0.017205435782670975,0.009063996374607086,6.6228179931640625,0.14239071309566498,0.7867237329483032,0.1905168890953064,0.10000000149011612,0.040089238435029984,0.0,0.03899724781513214,0.0030986377969384193,0.0023665549233555794,0.0032963091507554054,0.046586595475673676,0.9921833872795105,0.003143426962196827,0.040173448622226715,0.040173448622226715,0.0032134964130818844,0.048308949917554855,0.0032134964130818844,0.015589681454002857,0.008470998145639896,0.0,0.13877512514591217,0.7779037356376648,0.19551126658916473,0.10000000149011612,0.0402124859392643,0.0,0.03912224993109703,0.0030602312181144953,0.0021003505680710077,0.0031784616876393557,0.045382048934698105,0.9925674200057983,0.0992567241191864,0.007118684239685535,0.09921827167272568,0.008141429163515568
7,0.0030813580378890038,0.03957561403512955,0.03957561403512955,0.0033862239215523005,0.04828347638249397,0.0033862239215523005,0.01634899713099003,0.009006114676594734,6.715285301208496,0.14049263298511505,0.7894610166549683,0.18905159831047058,0.10000000149011612,0.03961966931819916,0.0,0.03894004970788956,0.0030325313564389944,0.002312774071469903,0.0032337908633053303,0.04595377296209335,0.992155909538269,0.0034411137457937002,0.04164735972881317,0.04164735972881317,0.003203289583325386,0.04648514464497566,0.003203289583325386,0.018444465473294258,0.00869779847562313,0.0,0.14461128413677216,0.7365658283233643,0.23883330821990967,0.10000000149011612,0.04167056083679199,0.0,0.041320960968732834,0.003136220620945096,0.001973629230633378,0.0033222013153135777,0.043625250458717346,0.9929030537605286,0.09929031133651733,0.009746664203703403,0.0992155522108078,0.00734288664534688
8,0.003040528390556574,0.03914552927017212,0.03914552927017212,0.0033068167977035046,0.047404251992702484,0.0033068167977035046,0.01601027511060238,0.008974170312285423,5.88229513168335,0.13963724672794342,0.7865051031112671,0.19014880061149597,0.10000000149011612,0.039187368005514145,0.0,0.03884917497634888,0.002965440507978201,0.002256453037261963,0.0031736723612993956,0.04522993788123131,0.9922109246253967,0.0030962557066231966,0.03882293030619621,0.03882293030619621,0.003123408881947398,0.04784552752971649,0.003123408881947398,0.01579611748456955,0.00841912254691124,0.0,0.13894549012184143,0.7641554474830627,0.20858663320541382,0.10000000149011612,0.038866207003593445,0.0,0.039871226996183395,0.002975964918732643,0.0019999025389552116,0.0031098327599465847,0.04496627673506737,0.9926753044128418,0.09926754981279373,0.00737699493765831,0.09922108799219131,0.007036103401333094
9,0.0029585540760308504,0.03858257830142975,0.03858257830142975,0.0031838631257414818,0.04658897593617439,0.0031838631257414818,0.01635177806019783,0.008938687853515148,5.712018966674805,0.14005641639232635,0.7915906310081482,0.1822637915611267,0.10000000149011612,0.038623105734586716,0.0,0.03835336118936539,0.0028704390861094,0.002187721896916628,0.0030712103471159935,0.04419904947280884,0.9922336935997009,0.002999613294377923,0.03845737874507904,0.03845737874507904,0.0029905543196946383,0.0469268299639225,0.0029905543196946383,0.01636394113302231,0.00836827140301466,0.0,0.13981691002845764,0.7695945501327515,0.19587260484695435,0.10000000149011612,0.038498010486364365,0.0,0.03900288790464401,0.002865208312869072,0.0019623434636741877,0.0029950840398669243,0.0438690185546875,0.9926642775535583,0.0992664247751236,0.0079956641420722,0.09922342002391815,0.007413097191601992
10,0.0029325212817639112,0.03823902830481529,0.03823902830481529,0.0031489834655076265,0.04641425609588623,0.0031489834655076265,0.015304217115044594,0.008855638094246387,6.350958824157715,0.13784897327423096,0.7896260619163513,0.18188241124153137,0.10000000149011612,0.0382804349064827,0.0,0.03835635259747505,0.00281111360527575,0.0021671815775334835,0.0030407512094825506,0.04377033933997154,0.9922143816947937,0.0028259102255105972,0.03738680109381676,0.03738680109381676,0.0029946276918053627,0.04754573851823807,0.0029946276918053627,0.01772395335137844,0.008205444552004337,0.0,0.14233817160129547,0.798731803894043,0.17465169727802277,0.10000000149011612,0.037435539066791534,0.0,0.037808358669281006,0.0027536756824702024,0.0019401111640036106,0.0029102698899805546,0.043688755482435226,0.9928621053695679,0.09928621351718903,0.009518509730696678,0.09922143071889877,0.006448579486459494
11,0.0028846939094364643,0.03772643953561783,0.03772643953561783,0.003152507124468684,0.04675786942243576,0.003152507124468684,0.01541927456855774,0.008766621351242065,4.8596577644348145,0.1379726231098175,0.7863620519638062,0.1811242252588272,0.10000000149011612,0.03777216002345085,0.0,0.038242220878601074,0.002738233655691147,0.0021579768508672714,0.0030186008661985397,0.04393748939037323,0.9921930432319641,0.002941807731986046,0.03779596462845802,0.03779596462845802,0.002999560907483101,0.04772903770208359,0.002999560907483101,0.014613069593906403,0.008157013915479183,0.0,0.13614757359027863,0.7689844965934753,0.19244618713855743,0.10000000149011612,0.03784361854195595,0.0,0.03891220688819885,0.0027420991100370884,0.0019521618960425258,0.0029706840869039297,0.044049739837646484,0.9925649762153625,0.09925650805234909,0.006456053350120783,0.09921924769878387,0.006652660667896271
12,0.002760149072855711,0.03643161058425903,0.03643161058425903,0.0031082527711987495,0.045997899025678635,0.0031082527711987495,0.014284251257777214,0.008613783866167068,5.2197699546813965,0.1354009062051773,0.7834132313728333,0.17185819149017334,0.10000000149011612,0.03648004308342934,0.0,0.03786802291870117,0.002539189299568534,0.002149115549400449,0.002934199757874012,0.04333008453249931,0.9920989274978638,0.0027544484473764896,0.03583933040499687,0.03583933040499687,0.002965517109259963,0.04622972756624222,0.002965517109259963,0.012507352977991104,0.008052419871091843,0.0,0.13136276602745056,0.7538568377494812,0.17616607248783112,0.10000000149011612,0.03588918223977089,0.0,0.03835761547088623,0.002315184799954295,0.0019273548386991024,0.0028599826619029045,0.04332619532942772,0.9924553632736206,0.09924552589654922,0.004454934038221836,0.09920991957187653,0.005670470651239157
13,0.0025158566422760487,0.034000642597675323,0.034000642597675323,0.0030165263451635838,0.043503157794475555,0.0030165263451635838,0.012469734065234661,0.008498048409819603,5.3664116859436035,0.13121213018894196,0.7792638540267944,0.1496354341506958,0.10000000149011612,0.034048762172460556,0.0,0.036895912140607834,0.0021993201225996017,0.0020907132420688868,0.002766192890703678,0.041949089616537094,0.9921653866767883,0.002227684250101447,0.0315796434879303,0.0315796434879303,0.0027015579398721457,0.04407056048512459,0.0027015579398721457,0.01698925532400608,0.007902612909674644,0.0,0.13957896828651428,0.7992225289344788,0.12568634748458862,0.10000000149011612,0.03163956478238106,0.0,0.0351056307554245,0.0020623684395104647,0.0017896443605422974,0.002464620629325509,0.041226767003536224,0.992838978767395,0.09928388893604279,0.009086641483008862,0.09921640902757645,0.003971679136157036
14,0.002425565617159009,0.03310956805944443,0.03310956805944443,0.002924026921391487,0.042608365416526794,0.002924026921391487,0.012408380396664143,0.008377558551728725,6.02331018447876,0.1308308243751526,0.7769815325737,0.14527715742588043,0.10000000149011612,0.03315768763422966,0.0,0.036480553448200226,0.002092842012643814,0.002029191004112363,0.002674794988706708,0.04099397733807564,0.9921717643737793,0.002425067825242877,0.032679133117198944,0.032679133117198944,0.002778824884444475,0.0433516651391983,0.002778824884444475,0.011302465572953224,0.007767730858176947,0.0,0.12833170592784882,0.7630582451820374,0.14684733748435974,0.10000000149011612,0.032730333507061005,0.0,0.036862995475530624,0.0020607300102710724,0.001782406703568995,0.0026019467040896416,0.041325900703668594,0.9928171038627625,0.09928172081708908,0.003534734947606921,0.09921715408563614,0.004030822776257992
15,0.0023280156310647726,0.031846847385168076,0.031846847385168076,0.0027728083077818155,0.04015070199966431,0.0027728083077818155,0.011227735318243504,0.008243119344115257,3.501189947128296,0.12811030447483063,0.7711533308029175,0.13874509930610657,0.10000000149011612,0.0318889245390892,0.0,0.036264125257730484,0.001956910127773881,0.001921393326483667,0.0025504138320684433,0.0389452762901783,0.9922611117362976,0.002299161162227392,0.03135145455598831,0.03135145455598831,0.002530007855966687,0.03853972628712654,0.002530007855966687,0.011441857554018497,0.007585289888083935,0.0,0.12814432382583618,0.756335973739624,0.1346786469221115,0.10000000149011612,0.031385939568281174,0.0,0.036298222839832306,0.0018864640733227134,0.0016430527903139591,0.002414584392681718,0.03757273405790329,0.9931653738021851,0.0993165373802185,0.003856568830087781,0.09922608733177185,0.0029846192337572575
16,0.0020891199819743633,0.029200255870819092,0.029200255870819092,0.002559746615588665,0.03747248649597168,0.002559746615588665,0.012434642761945724,0.008014769293367863,5.493933200836182,0.1297970712184906,0.765695333480835,0.12533502280712128,0.10000000149011612,0.029242131859064102,0.0,0.03518331050872803,0.0016734314849600196,0.0016843978082761168,0.0023244330659508705,0.036648835986852646,0.9924550652503967,0.0019707821775227785,0.027165710926055908,0.027165710926055908,0.00220617582090199,0.03285761922597885,0.00220617582090199,0.01051196176558733,0.007418606895953417,0.0,0.1250513792037964,0.733625590801239,0.12227681279182434,0.10000000149011612,0.027193011716008186,0.0,0.03512091189622879,0.0014653928810730577,0.0011387367267161608,0.0020884794648736715,0.03417753055691719,0.9933485984802246,0.09933485090732574,0.0030933567322790623,0.09924556314945221,0.004419873934239149
17,0.0017061348771676421,0.024344943463802338,0.024344943463802338,0.0019382323371246457,0.028466345742344856,0.0019382323371246457,0.010476326569914818,0.007803098298609257,4.560988426208496,0.12436018884181976,0.7407159209251404,0.1040819063782692,0.10000000149011612,0.024365847930312157,0.0,0.03337542340159416,0.0012474439572542906,0.0010507667902857065,0.0018221831414848566,0.029770858585834503,0.9928710460662842,0.001737764454446733,0.023957042023539543,0.023957042023539543,0.0017575419042259455,0.026003984734416008,0.0017575419042259455,0.0101744020357728,0.007174561731517315,0.0,0.12357649207115173,0.7210454344749451,0.11035481840372086,0.10000000149011612,0.02396686188876629,0.0,0.034110236912965775,0.0012477455893531442,0.0008475695503875613,0.0017476532375440001,0.02864258363842964,0.993847668170929,0.09938474744558334,0.00299984123557806,0.09928711503744125,0.0026732396800071
18,0.0015119249001145363,0.021550502628087997,0.021550502628087997,0.0015791099285706878,0.024194857105612755,0.0015791099285706878,0.010612753219902515,0.007506823167204857,3.821000337600708,0.123914435505867,0.7367889881134033,0.09637010842561722,0.10000000149011612,0.021563898772001266,0.0,0.03236586973071098,0.0010380418971180916,0.0007999703520908952,0.0015455170068889856,0.025815047323703766,0.993053674697876,0.0016116956248879433,0.022108331322669983,0.022108331322669983,0.0015689450083300471,0.022302106022834778,0.0015689450083300471,0.009860612452030182,0.006943193729966879,0.0,0.12253247201442719,0.7127478122711182,0.10425140708684921,0.10000000149011612,0.022109270095825195,0.0,0.033502377569675446,0.0010862350463867188,0.0007320740260183811,0.0015903201419860125,0.025668812915682793,0.9940263628959656,0.09940264374017715,0.002917418722063303,0.09930537641048431,0.0031059340108186007
19,0.0014145179884508252,0.02024044468998909,0.02024044468998909,0.0013768711360171437,0.02246580459177494,0.0013768711360171437,0.011101377196609974,0.00734487222507596,3.535783290863037,0.12450462579727173,0.7446023225784302,0.08951925486326218,0.10000000149011612,0.020251723006367683,0.0,0.03169562667608261,0.0009387063910253346,0.0006847231416031718,0.001395694212988019,0.02330508828163147,0.9928268194198608,0.0014178225537762046,0.019932318478822708,0.019932318478822708,0.0012679332867264748,0.022644655779004097,0.0012679332867264748,0.009507845155894756,0.006824051029980183,0.0,0.12115621566772461,0.7344622611999512,0.09252990782260895,0.10000000149011612,0.019945332780480385,0.0,0.03193672001361847,0.0009362177806906402,0.0005224765045568347,0.0013428780948743224,0.023002248257398605,0.9933897256851196,0.09933897852897644,0.0026837936602532864,0.09928272664546967,0.0037565105594694614
20,0.0013654637150466442,0.019217506051063538,0.019217506051063538,0.0011558332480490208,0.02083980105817318,0.0011558332480490208,0.009865282103419304,0.0072328695096075535,3.414214849472046,0.12169487774372101,0.7219627499580383,0.08763634413480759,0.10000000149011612,0.01922570914030075,0.0,0.031552281230688095,0.000897117774002254,0.0005325930542312562,0.0012606484815478325,0.02029508352279663,0.992740273475647,0.0014374336460605264,0.019844593480229378,0.019844593480229378,0.001182500389404595,0.0238058902323246,0.001182500389404595,0.00938377808779478,0.006873990409076214,0.0,0.12080247700214386,0.7115126252174377,0.09378977119922638,0.10000000149011612,0.01986359991133213,0.0,0.03229846805334091,0.0009379783878102899,0.0004706906038336456,0.001309967483393848,0.022173961624503136,0.993162989616394,0.0993162989616394,0.002509787678718567,0.09927398711442947,0.002632411429658532
21,0.0013097943738102913,0.018117178231477737,0.018117178231477737,0.0010357731953263283,0.02023524045944214,0.0010357731953263283,0.009816307574510574,0.007200782652944326,3.9709205627441406,0.12135403603315353,0.6932690143585205,0.08704918622970581,0.10000000149011612,0.018127908930182457,0.0,0.03132188692688942,0.0008520953706465662,0.0004348037182353437,0.001172784250229597,0.018965521827340126,0.9926170110702515,0.0013240096159279346,0.01771097257733345,0.01771097257733345,0.0010775268310680985,0.02138187736272812,0.0010775268310680985,0.008848326280713081,0.0066386074759066105,0.0,0.11948154121637344,0.6624842286109924,0.09098286926746368,0.10000000149011612,0.01772858202457428,0.0,0.03178071603178978,0.0008552048238925636,0.00041957967914640903,0.0012007682817056775,0.020453134551644325,0.9930931925773621,0.09930934756994247,0.0022097183391451836,0.09926175326108932,0.002615520730614662
22,0.0011850730516016483,0.016020752489566803,0.016020752489566803,0.0008592169615440071,0.018248289823532104,0.0008592169615440071,0.010106716305017471,0.007145616691559553,4.05303955078125,0.12160391360521317,0.6629167199134827,0.08071344345808029,0.10000000149011612,0.01603202149271965,0.0,0.030461112037301064,0.0007566235726699233,0.00037385147879831493,0.0010221445700153708,0.016553323715925217,0.9923778772354126,0.0012060378212481737,0.01600058004260063,0.01600058004260063,0.0008084193104878068,0.01815618760883808,0.0008084193104878068,0.009349919855594635,0.00660606799647212,0.0,0.12026304006576538,0.6296361088752747,0.08349303901195526,0.10000000149011612,0.01601092517375946,0.0,0.030810559168457985,0.0007784542976878583,0.0004199625109322369,0.0010072286240756512,0.017832690849900246,0.9935757517814636,0.09935758262872696,0.0027438541874289513,0.09923776984214783,0.002961105201393366
23,0.0011442310642451048,0.01530965231359005,0.01530965231359005,0.0007168069132603705,0.01704048551619053,0.0007168069132603705,0.009141371585428715,0.007043047808110714,3.502932071685791,0.11946280300617218,0.6312410235404968,0.07869439572095871,0.10000000149011612,0.015318411402404308,0.0,0.0301520898938179,0.0007307525957003236,0.00029053582693450153,0.0009305189014412463,0.015428302809596062,0.9922824501991272,0.0013460126938298345,0.017482232302427292,0.017482232302427292,0.00090460991486907,0.020847022533416748,0.00090460991486907,0.009402294643223286,0.006618894170969725,0.0,0.12048779428005219,0.6327425241470337,0.09423604607582092,0.10000000149011612,0.017498373985290527,0.0,0.032241180539131165,0.0008548494661226869,0.0004221524577587843,0.0011253113625571132,0.018849248066544533,0.9928087592124939,0.09928087890148163,0.0027834007050842047,0.09922824054956436,0.0020983226131647825
24,0.0011374870082363486,0.015154733322560787,0.015154733322560787,0.0007697365945205092,0.018370166420936584,0.0007697365945205092,0.010033661499619484,0.007017642725259066,4.644740104675293,0.12123965471982956,0.6260921955108643,0.07753995060920715,0.10000000149011612,0.015171024017035961,0.0,0.030124463140964508,0.0007366117788478732,0.0002968737098854035,0.0009536120342090726,0.015997476875782013,0.9918512105941772,0.0012735170312225819,0.01634806953370571,0.01634806953370571,0.0009479537839069963,0.020927922800183296,0.0009479537839069963,0.009271265007555485,0.006615020800381899,0.0,0.12013887614011765,0.6190922856330872,0.09088551998138428,0.10000000149011612,0.01637003943324089,0.0,0.031709618866443634,0.0008000159286893904,0.0004462262731976807,0.0011107355821877718,0.018871909007430077,0.9923935532569885,0.09923935681581497,0.0026562444400042295,0.09918519109487534,0.0030160176102072
25,0.0010647691087797284,0.01396961323916912,0.01396961323916912,0.0006717399810440838,0.016300253570079803,0.0006717399810440838,0.0088316285982728,0.006920746993273497,3.321075201034546,0.11867494881153107,0.6020093560218811,0.07451226562261581,0.10000000149011612,0.013981407508254051,0.0,0.0294797383248806,0.0006804813165217638,0.0002821003436110914,0.0008682538173161447,0.014498881064355373,0.9918087124824524,0.0009868848137557507,0.013244771398603916,0.013244771398603916,0.0007725254981778562,0.01931871473789215,0.0007725254981778562,0.009106308221817017,0.006522372830659151,0.0,0.11928455531597137,0.6085382103919983,0.06618703156709671,0.10000000149011612,0.013273913413286209,0.0,0.02849234640598297,0.0006474138936027884,0.00035398374893702567,0.0008797051850706339,0.017087150365114212,0.9919084906578064,0.0991908460855484,0.002583934925496578,0.09918085485696793,0.0019108797423541546
26,0.000980170676484704,0.013007870875298977,0.013007870875298977,0.0005982036818750203,0.01589604653418064,0.0005982036818750203,0.008435436524450779,0.006869451608508825,3.029421091079712,0.11767007410526276,0.5861400961875916,0.06709704548120499,0.10000000149011612,0.013022495433688164,0.0,0.02847222611308098,0.0006238193018361926,0.0002446159487590194,0.0007891864515841007,0.013934096321463585,0.991415798664093,0.0010330852819606662,0.013038317672908306,0.013038317672908306,0.0007354228291660547,0.018055537715554237,0.0007354228291660547,0.008488996885716915,0.006415396463125944,0.0,0.11803092807531357,0.5442050099372864,0.0743795782327652,0.10000000149011612,0.013062388636171818,0.0,0.029378226026892662,0.000644763233140111,0.00035205233143642545,0.0008842538809403777,0.016412120312452316,0.9917185306549072,0.09917186945676804,0.0020736013539135456,0.09914153069257736,0.0015659892233088613
27,0.0008781903889030218,0.011417598463594913,0.011417598463594913,0.0005454638740047812,0.015149270184338093,0.0005454638740047812,0.008292840793728828,0.006768899038434029,2.7644121646881104,0.11717624962329865,0.5450460910797119,0.06094234064221382,0.10000000149011612,0.011436480097472668,0.0,0.027348358184099197,0.0005515351658686996,0.00022455997532233596,0.0007118269568309188,0.013081351295113564,0.9910262227058411,0.0008066489826887846,0.010398688726127148,0.010398688726127148,0.0006694977055303752,0.014880020171403885,0.0006694977055303752,0.008985131047666073,0.006260840222239494,0.0,0.11871916800737381,0.5199439525604248,0.05724995955824852,0.10000000149011612,0.01042018923908472,0.0,0.026432128623127937,0.0005076813395135105,0.0003483083564788103,0.0007380731403827667,0.015421023592352867,0.9915482997894287,0.09915483742952347,0.0027242922224104404,0.09910263866186142,0.0015239380300045013
28,0.000785508775152266,0.010218740440905094,0.010218740440905094,0.000530675461050123,0.01463366486132145,0.000530675461050123,0.007924075238406658,0.006571336183696985,1.9158092737197876,0.11625455319881439,0.5258497595787048,0.054095976054668427,0.10000000149011612,0.010241095907986164,0.0,0.026104364544153214,0.0004886506358161569,0.00021322318934835494,0.000658092088997364,0.012659624218940735,0.9904647469520569,0.0007884121732786298,0.010107127949595451,0.010107127949595451,0.0006393668008968234,0.016101133078336716,0.0006393668008968234,0.007702983450144529,0.006091427989304066,0.0,0.11601660400629044,0.4980180859565735,0.05469248443841934,0.10000000149011612,0.010135885328054428,0.0,0.0262055154889822,0.0004905515816062689,0.00033066581818275154,0.0007138894288800657,0.014870439656078815,0.9907550811767578,0.09907551854848862,0.001611557207070291,0.09904646128416061,0.0013527361443266273
29,0.0006891965167596936,0.008972668088972569,0.008972668088972569,0.0005034232162870467,0.014876129105687141,0.0005034232162870467,0.008434848859906197,0.006501451134681702,3.3598101139068604,0.11709088832139969,0.49244388937950134,0.04754852131009102,0.10000000149011612,0.00900256261229515,0.0,0.024687547236680984,0.00042597128776833415,0.0002123231824953109,0.000596309662796557,0.012517908588051796,0.9898658990859985,0.0006866837502457201,0.008645948953926563,0.008645948953926563,0.000661853002384305,0.01895705796778202,0.000661853002384305,0.008133474737405777,0.0060767983086407185,0.0,0.11672509461641312,0.4741460084915161,0.0502554327249527,0.10000000149011612,0.008695418015122414,0.0,0.02477933093905449,0.0004211908672004938,0.0003406168252695352,0.0006742684636265039,0.01574413850903511,0.9902206659317017,0.0990220457315445,0.002056676894426346,0.09898658096790314,0.0019333926029503345
30,0.0006151154520921409,0.007934576831758022,0.007934576831758022,0.000514103623572737,0.014793004840612411,0.000514103623572737,0.007984663359820843,0.006319131702184677,2.073787212371826,0.11603385955095291,0.4644935429096222,0.04335435852408409,0.10000000149011612,0.007969312369823456,0.0,0.023522326722741127,0.0003781585837714374,0.00020414454047568142,0.0005646090721711516,0.012372703291475773,0.9891763925552368,0.0005298249889165163,0.006896430626511574,0.006896430626511574,0.0006150658591650426,0.017447594553232193,0.0006150658591650426,0.007836948148906231,0.005744683090597391,0.0,0.11583692580461502,0.44671639800071716,0.03713948652148247,0.10000000149011612,0.0069470531307160854,0.0,0.022015675902366638,0.0003301916003692895,0.00032962122349999845,0.000572445394936949,0.014942951500415802,0.9893074631690979,0.09893074631690979,0.00209226505830884,0.09891768544912338,0.0016655278159305453
31,0.0004561930545605719,0.005952128674834967,0.005952128674834967,0.0004946480039507151,0.01410321518778801,0.0004946480039507151,0.007486604154109955,0.006079178303480148,2.2088747024536133,0.11470754444599152,0.4204658269882202,0.03145742788910866,0.10000000149011612,0.0059934016317129135,0.0,0.020557096228003502,0.00027844691067002714,0.00020970967307221144,0.00047542050015181303,0.012120445258915424,0.9877082705497742,0.0004295239632483572,0.005462178494781256,0.005462178494781256,0.0006455627153627574,0.016245203092694283,0.0006455627153627574,0.007069152779877186,0.005501356907188892,0.0,0.11397847533226013,0.38721802830696106,0.030404968187212944,0.10000000149011612,0.0055139134638011456,0.0,0.02006208896636963,0.00026208863710053265,0.000288027455098927,0.0005375433247536421,0.015060646459460258,0.9875248074531555,0.09875250607728958,0.001567795523442328,0.09877081960439682,0.0014074243372306228
32,0.00034775337553583086,0.0045754867605865,0.0045754867605865,0.0005307421670295298,0.013918095268309116,0.0005307421670295298,0.007116762921214104,0.005751949269324541,2.2162890434265137,0.11364542692899704,0.3801684081554413,0.023451630026102066,0.10000000149011612,0.004622797016054392,0.0,0.0181465782225132,0.000211239283089526,0.0002158589632017538,0.0004392479022499174,0.012339035980403423,0.9854556918144226,0.0002576567349024117,0.0035327139776200056,0.0035327139776200056,0.0006165875238366425,0.015751469880342484,0.0006165875238366425,0.007063003256917,0.005378458648920059,0.0,0.1134650781750679,0.3517293334007263,0.017310790717601776,0.10000000149011612,0.003591336775571108,0.0,0.015767736360430717,0.00016202579718083143,0.0003032553941011429,0.00043712210026569664,0.014546449296176434,0.9843666553497314,0.09843665361404419,0.0016845458885654807,0.09854559600353241,0.0013648131862282753
33,0.00023525816504843533,0.003161999396979809,0.003161999396979809,0.0005542976432479918,0.013966315425932407,0.0005542976432479918,0.006997375283390284,0.005592129193246365,2.2581660747528076,0.1128804087638855,0.3332270085811615,0.015646718442440033,0.10000000149011612,0.0032167122699320316,0.0,0.015114981681108475,0.00014804943930357695,0.0002242599002784118,0.0003947780351154506,0.012451844289898872,0.981185793876648,0.00019220866670366377,0.0027111240196973085,0.0027111240196973085,0.000721437914762646,0.018722321838140488,0.000721437914762646,0.006643833126872778,0.0052498807199299335,0.0,0.11181265115737915,0.3185212314128876,0.012321166694164276,0.10000000149011612,0.0027879425324499607,0.0,0.013780745677649975,0.00012559561582747847,0.0002977230469696224,0.000456823268905282,0.015711257234215736,0.9764487743377686,0.0976448506116867,0.0013939518248662353,0.09811855107545853,0.0014052431797608733
34,0.00013311223301570863,0.001957214903086424,0.001957214903086424,0.0006215851753950119,0.015552363358438015,0.0006215851753950119,0.007332199718803167,0.005627118516713381,3.694674253463745,0.11174529790878296,0.27977409958839417,0.007969370111823082,0.10000000149011612,0.002026058267802,0.0,0.011567707173526287,9.088283695746213e-05,0.0002454813802614808,0.00037734859506599605,0.01328777801245451,0.9636718034744263,9.937277354765683e-05,0.001496737590059638,0.001496737590059638,0.0008522013085894287,0.01919078640639782,0.0008522013085894287,0.009791620075702667,0.005550580099225044,0.0,0.11429786682128906,0.24653524160385132,0.006297912448644638,0.10000000149011612,0.0015816295053809881,0.0,0.010163885541260242,7.47403028071858e-05,0.000352892791852355,0.0004757871211040765,0.017444675788283348,0.9381119012832642,0.09381119906902313,0.004241039045155048,0.09636711329221725,0.0017050820169970393
35,0.00012093371333321556,0.0016996508929878473,0.0016996508929878473,0.00084032112499699,0.019492818042635918,0.00084032112499699,0.007862837985157967,0.005766153335571289,3.0320420265197754,0.11128823459148407,0.23507796227931976,0.007837900891900063,0.10000000149011612,0.0017897526267915964,0.0,0.011167002841830254,8.862790855346248e-05,0.0002978603297378868,0.00048062755377031863,0.016262711957097054,0.9469538331031799,9.97113311314024e-05,0.001458480372093618,0.001458480372093618,0.000995752983726561,0.02258792333304882,0.000995752983726561,0.00735896173864603,0.0053404527716338634,0.0,0.10809452086687088,0.1886884570121765,0.006237691268324852,0.10000000149011612,0.0015598548343405128,0.0,0.01025827880948782,7.851375994505361e-05,0.00033874731161631644,0.00054773228475824,0.019594136625528336,0.9241158366203308,0.0924115926027298,0.0020185094326734543,0.09469540417194366,0.002096684416756034
36,6.144668441265821e-05,0.0009368048049509525,0.0009368048049509525,0.0009519908926449716,0.018902603536844254,0.0009519908926449716,0.008070732466876507,0.005855906289070845,3.7309303283691406,0.10619647800922394,0.1636079102754593,0.003952931612730026,0.10000000149011612,0.0010277815163135529,0.0,0.00821443647146225,4.989359149476513e-05,0.00031459640013054013,0.0005067187594249845,0.01741287298500538,0.8918382525444031,4.521578011917882e-05,0.0006610120763070881,0.0006610120763070881,0.0013943477533757687,0.026025673374533653,0.0013943477533757687,0.00882599875330925,0.006127883214503527,0.0,0.10442297160625458,0.10588114708662033,0.0034438068978488445,0.10000000149011612,0.0007827059016562998,0.0,0.007408250123262405,3.887962884618901e-05,0.00048653603880666196,0.0007197816739790142,0.023891527205705643,0.8552578091621399,0.08552577346563339,0.002698115073144436,0.08918379247188568,0.002214823616668582
37,2.291939927090425e-05,0.00031784563907422125,0.00031784563907422125,0.001268783351406455,0.018505694344639778,0.001268783351406455,0.008632796816527843,0.006355199031531811,5.0616583824157715,0.09903672337532043,0.052909038960933685,0.0020325419027358294,0.10000000149011612,0.0004099452926311642,0.0,0.00552711496129632,2.2230999093153514e-05,0.0004290456708986312,0.0006458510761149228,0.020367540419101715,0.8067405223846436,1.572875407873653e-05,0.00018154068675357848,0.00018154068675357848,0.0015788654563948512,0.018236959353089333,0.0015788654563948512,0.008844020776450634,0.006456033792346716,0.0,0.09322728216648102,0.012040507048368454,0.0017890421440824866,0.10000000149011612,0.0002681665064301342,0.0,0.004843530710786581,1.767120738804806e-05,0.0005516062956303358,0.0007972971070557833,0.024922162294387817,0.7417267560958862,0.07417267560958862,0.0023879858199507,0.08067400008440018,0.002277596853673458
38,1.1615642506512813e-05,0.000135604219394736,0.000135604219394736,0.0016058486653491855,0.01984352618455887,0.0016058486653491855,0.011882190592586994,0.007588552311062813,6.866830825805664,0.09523606300354004,0.011163808405399323,0.0015910645015537739,0.10000000149011612,0.00023540097754448652,0.0,0.004553049337118864,1.5418474504258484e-05,0.0004836702428292483,0.0008087320602498949,0.02382005751132965,0.7016378045082092,6.671345545328222e-06,7.257243123603985e-05,7.257243123603985e-05,0.0019494331208989024,0.01989087089896202,0.0019494331208989024,0.011523762717843056,0.007997258566319942,0.0,0.08916517347097397,0.003469543531537056,0.001349588972516358,0.10000000149011612,0.0001676560495980084,0.0,0.003962830174714327,1.253944901691284e-05,0.00067571533145383,0.0009780521504580975,0.027604101225733757,0.6445135474205017,0.06445135921239853,0.0035265034530311823,0.070163793861866,0.004293644335120916
39,8.74803117767442e-06,9.553076233714819e-05,9.553076233714819e-05,0.0019470533588901162,0.021982042118906975,0.0019470533588901162,0.009635038673877716,0.0070447539910674095,4.949490547180176,0.08159191906452179,0.00405035400763154,0.0015949707012623549,0.10000000149011612,0.00020635942928493023,0.0,0.004377241246402264,1.4195959010976367e-05,0.0006394615047611296,0.0009779003448784351,0.026502592489123344,0.6069031953811646,6.478545856225537e-06,7.017026655375957e-05,7.017026655375957e-05,0.0019709826447069645,0.02110798843204975,0.0019709826447069645,0.009812158532440662,0.007148801814764738,0.0,0.08166199922561646,0.003096211701631546,0.0014019774971529841,0.10000000149011612,0.00017110491171479225,0.0,0.004008577670902014,1.2494820111896843e-05,0.0006484059267677367,0.0009887305786833167,0.02818427048623562,0.6038805246353149,0.06038805469870567,0.0026633581146597862,0.0606902614235878,0.0025902814231812954
40,8.650079507788178e-06,9.349355241283774e-05,9.349355241283774e-05,0.00202841404825449,0.022905346006155014,0.00202841404825449,0.009054054506123066,0.006666882894933224,5.427087306976318,0.07768663763999939,0.0037356058601289988,0.0016520589124411345,0.10000000149011612,0.00020900802337564528,0.0,0.004423087928444147,1.4398407984117512e-05,0.0006579012260772288,0.0010185310384258628,0.02712012268602848,0.5788773894309998,4.66067967863637e-06,4.922412699670531e-05,4.922412699670531e-05,0.001955396495759487,0.018672937527298927,0.001955396495759487,0.009158416651189327,0.006683008279651403,0.0,0.07665292918682098,0.0021399944089353085,0.0011957804672420025,0.10000000149011612,0.0001385764335282147,0.0,0.003641430987045169,1.0401188774267212e-05,0.0007080358336679637,0.0009800284169614315,0.02798289805650711,0.5663764476776123,0.05663764849305153,0.002475409535691142,0.05788774788379669,0.0023871702142059803
41,1.0181483048654627e-05,0.00010845554788829759,0.00010845554788829759,0.0021933855023235083,0.025536810979247093,0.0021933855023235083,0.009171757847070694,0.006614065729081631,5.104245662689209,0.07675665616989136,0.003839080920442939,0.0019384663319215178,0.10000000149011612,0.0002372194139752537,0.0,0.004735048394650221,1.620699003979098e-05,0.0007524163229390979,0.0011017830111086369,0.0288004782050848,0.5654273629188538,8.85739518707851e-06,9.361769480165094e-05,9.361769480165094e-05,0.002487890189513564,0.02960342727601528,0.002487890189513564,0.008565518073737621,0.0060806856490671635,0.0,0.07254895567893982,0.0036052449140697718,0.0020214843098074198,0.10000000149011612,0.00023519893875345588,0.0,0.0047364910133183,1.539240838610567e-05,0.0010035737650468946,0.0012483738828450441,0.033449623733758926,0.5315059423446655,0.05315058305859566,0.002484832424670458,0.056542761623859406,0.002557697705924511
42,7.801452738931403e-06,8.344521484104916e-05,8.344521484104916e-05,0.0021852522622793913,0.02455643005669117,0.0021852522622793913,0.008169951848685741,0.006213355343788862,4.16538667678833,0.07221101224422455,0.0034153645392507315,0.0016887410311028361,0.10000000149011612,0.00020737142767757177,0.0,0.004427226725965738,1.4075789295020513e-05,0.0007485686219297349,0.001096526742912829,0.02852737344801426,0.5401194095611572,1.2740526472043712e-05,0.00013388594379648566,0.00013388594379648566,0.0029146585147827864,0.03655179589986801,0.0029146585147827864,0.007959115318953991,0.00564492866396904,0.0,0.07285195589065552,0.004638976883143187,0.0026700845919549465,0.10000000149011612,0.0003086107026319951,0.0,0.005428915377706289,1.8423233996145427e-05,0.0014134676894173026,0.001463699503801763,0.03807413950562477,0.5403813123703003,0.054038144648075104,0.002314185258001089,0.054011937230825424,0.0019565962720662355
43,8.587096999690402e-06,9.124544158112258e-05,9.124544158112258e-05,0.002307342365384102,0.026156606152653694,0.002307342365384102,0.008549022488296032,0.0063926889561116695,5.249631881713867,0.07281354814767838,0.003584503196179867,0.0018520711455494165,0.10000000149011612,0.00022323506709653884,0.0,0.0046019419096410275,1.4381148503161967e-05,0.0008689030655659735,0.0011579644633457065,0.0294274240732193,0.5367425680160522,1.0070994903799146e-05,0.00010705476597649977,0.00010705476597649977,0.0026676005218178034,0.032044216990470886,0.0026676005218178034,0.008681969717144966,0.006090330425649881,0.0,0.07379499822854996,0.004381611943244934,0.0022158813662827015,0.10000000149011612,0.0002602819004096091,0.0,0.004964769352227449,1.6279940609820187e-05,0.0012288140133023262,0.0013388361549004912,0.035051438957452774,0.5384710431098938,0.05384710803627968,0.0025916409213095903,0.05367424339056015,0.00215633655898273
44,6.860231678729178e-06,7.377119618467987e-05,7.377119618467987e-05,0.0021726388949900866,0.024375658482313156,0.0021726388949900866,0.00798383355140686,0.006164247170090675,4.454915523529053,0.0706443339586258,0.003367635188624263,0.001598429400473833,0.10000000149011612,0.00019683095160871744,0.0,0.004304416477680206,1.3014510841458105e-05,0.0007561664097011089,0.001089749508537352,0.02819204330444336,0.5281774997711182,6.812080755480565e-06,7.214679499156773e-05,7.214679499156773e-05,0.002456720219925046,0.02808310091495514,0.002456720219925046,0.00716363126412034,0.00557240005582571,0.0,0.06848835200071335,0.003175150603055954,0.0017716471338644624,0.10000000149011612,0.00020653691899497062,0.0,0.004434209316968918,1.3104301615385339e-05,0.0009926928905770183,0.001231766538694501,0.03305041790008545,0.519235372543335,0.05192353576421738,0.0015912291128188372,0.052817754447460175,0.0018195894081145525
45,8.093415999610443e-06,8.606470510130748e-05,8.606470510130748e-05,0.0023950624745339155,0.02693777345120907,0.0023950624745339155,0.008100025355815887,0.006181872449815273,4.236166477203369,0.070127472281456,0.0035451557487249374,0.0018443501321598887,0.10000000149011612,0.00022203626576811075,0.0,0.0045897988602519035,1.4128892871667631e-05,0.000971587433014065,0.0012015779502689838,0.030062058940529823,0.5174013376235962,9.940676136466209e-06,0.00010614978236844763,0.00010614978236844763,0.002868341514840722,0.03653031960129738,0.002868341514840722,0.00736520579084754,0.005377879366278648,0.0,0.0670728087425232,0.0041743977926671505,0.0024120076559484005,0.10000000149011612,0.00028090455452911556,0.0,0.0051690093241631985,1.7355001546093263e-05,0.0013009002432227135,0.0014391413424164057,0.03696597367525101,0.495850145816803,0.0495850034058094,0.001987327355891466,0.05174010619521141,0.0019181545358151197
46,7.3919013630074915e-06,7.849479152355343e-05,7.849479152355343e-05,0.0023193692322820425,0.02647228352725506,0.0023193692322820425,0.007544797379523516,0.0058854310773313046,4.666771411895752,0.06819085776805878,0.003336863126605749,0.0017674966948106885,0.10000000149011612,0.00021214749722275883,0.0,0.0044900206848979,1.3458469766192138e-05,0.000901519728358835,0.0011633799877017736,0.029437223449349403,0.51022869348526,7.292461759789148e-06,7.704522431595251e-05,7.704522431595251e-05,0.0026016852352768183,0.03126115724444389,0.0026016852352768183,0.007559932302683592,0.0054735406301915646,0.0,0.06704985350370407,0.0034451293759047985,0.0019569904543459415,0.10000000149011612,0.00022665945289190859,0.0,0.004651244264096022,1.4245365491660777e-05,0.001131573342718184,0.0013044887455180287,0.0344492606818676,0.49479687213897705,0.04947967827320099,0.002086392603814602,0.05102287605404854,0.0016593674663454294
47,6.645436315011466e-06,7.057930633891374e-05,7.057930633891374e-05,0.002309563336893916,0.02643725834786892,0.002309563336893916,0.007294005714356899,0.005795144475996494,4.8331732749938965,0.06619571894407272,0.00326396687887609,0.0017066446598619223,0.10000000149011612,0.00020409458375070244,0.0,0.004405940882861614,1.2796732335118577e-05,0.0008678645826876163,0.001158104627393186,0.029408320784568787,0.49568936228752136,6.139319793874165e-06,6.491698877653107e-05,6.491698877653107e-05,0.002566681010648608,0.02959596924483776,0.002566681010648608,0.0072947535663843155,0.005609724670648575,0.0,0.06595070660114288,0.003164367750287056,0.0017854818142950535,0.10000000149011612,0.0002066001616185531,0.0,0.004441256169229746,1.2717352547042537e-05,0.0010197650408372283,0.001286409911699593,0.0342300608754158,0.4904228448867798,0.04904231056571007,0.0016850284300744534,0.04956894740462303,0.0014988620532676578
48,7.159723281802144e-06,7.569938316009939e-05,7.569938316009939e-05,0.002357038203626871,0.027048327028751373,0.002357038203626871,0.007084690500050783,0.005664021708071232,4.378902912139893,0.06532835215330124,0.003310740226879716,0.001785949687473476,0.10000000149011612,0.00021228331024758518,0.0,0.0044967615976929665,1.3191480320529081e-05,0.0009224404348060489,0.0011820998042821884,0.02977563999593258,0.49041280150413513,1.15426882985048e-05,0.00012036089174216613,0.00012036089174216613,0.0030001967679709196,0.039023034274578094,0.0030001967679709196,0.006809432990849018,0.005136990454047918,0.0,0.0664849579334259,0.0044714356772601604,0.0026971434708684683,0.10000000149011612,0.00030700702336616814,0.0,0.005430240649729967,1.758329017320648e-05,0.0015500372974202037,0.0015058700228109956,0.03885820880532265,0.4979260563850403,0.049792610108852386,0.0016724419547244906,0.049041278660297394,0.0014206746127456427
49,6.795039098506095e-06,7.183310663094744e-05,7.183310663094744e-05,0.0023167612962424755,0.02701927348971367,0.0023167612962424755,0.006909666117280722,0.00561320036649704,4.297940731048584,0.0645182877779007,0.0032206419855356216,0.0017588603077456355,0.10000000149011612,0.00020828917331527919,0.0,0.004457192029803991,1.2853177395300008e-05,0.0008916066726669669,0.0011617784621194005,0.02943260408937931,0.4863274097442627,4.739241376228165e-06,4.9390841013519093e-05,4.9390841013519093e-05,0.0022997786290943623,0.026265427470207214,0.0022997786290943623,0.007927166298031807,0.006020405329763889,0.0,0.06817864626646042,0.002542216097936034,0.0015673828311264515,0.10000000149011612,0.00017516937805339694,0.0,0.0041146730072796345,1.1168173841724638e-05,0.0009483213652856648,0.0011522590648382902,0.03147352114319801,0.5021255612373352,0.050212569534778595,0.0019067606190219522,0.04863273352384567,0.0012964640045538545
