sample_id,susceptibility_si,susceptibility_decade,geological_iou,geological_dice,geological_precision,geological_recall,geological_true_occupied_cells,geological_predicted_occupied_cells,geological_predicted_to_true_volume_ratio,thresholded_0p001_si_iou,thresholded_0p001_si_dice,thresholded_0p001_si_precision,thresholded_0p001_si_recall,thresholded_0p001_si_true_occupied_cells,thresholded_0p001_si_predicted_occupied_cells,thresholded_0p001_si_predicted_to_true_volume_ratio,susceptibility_mae_si,susceptibility_rmse_si,susceptibility_relative_l2,true_body_susceptibility_mae_si,true_body_susceptibility_bias_si,predicted_to_true_body_mean_ratio,background_susceptibility_mae_si,integrated_absolute_background_leakage_si_cells,prediction_fraction_near_saturation,tmi_mae_nt,tmi_rmse_nt,tmi_relative_l2,tmi_correlation,tmi_absolute_reference_mse,tmi_floored_relative_mse,observed_tmi_rms_nt,predicted_tmi_rms_nt,predicted_to_observed_tmi_rms_ratio,zero_geological_iou,zero_geological_dice,zero_geological_precision,zero_geological_recall,zero_geological_true_occupied_cells,zero_geological_predicted_occupied_cells,zero_geological_predicted_to_true_volume_ratio,zero_thresholded_0p001_si_iou,zero_thresholded_0p001_si_dice,zero_thresholded_0p001_si_precision,zero_thresholded_0p001_si_recall,zero_thresholded_0p001_si_true_occupied_cells,zero_thresholded_0p001_si_predicted_occupied_cells,zero_thresholded_0p001_si_predicted_to_true_volume_ratio,zero_susceptibility_mae_si,zero_susceptibility_rmse_si,zero_susceptibility_relative_l2,zero_tmi_mae_nt,zero_tmi_rmse_nt,zero_tmi_relative_l2,zero_tmi_correlation
sample_001100,0.003697883345089101,0.001_to_below_0.01_si,0.001553622159090909,0.0031024243230066925,0.001553622159090909,1.0,140,90112,643.6571428571428,0.002008694778828357,0.0040093360253160935,0.002008694778828357,1.0,140,69697,497.8357142857143,0.003722025863816906,0.004730441606366948,33.89768636271894,0.0010711183438875845,0.0001689511218241283,1.0456886024769947,0.0037258065477009175,365.7400739485129,0.0,30.870467959826787,35.63855943001228,86.85390236972512,0.16382746649553798,0.12701069182465174,7543.600356849742,0.4103276704632549,35.71407614874336,87.03794240447544,0.0,0.0,0.0,0.0,140,0,0.0,0.0,0.0,0.0,0.0,140,0,0.0,5.266354037303245e-06,0.0001395505745067467,1.0,0.11903232359906647,0.4103276704632549,1.0,nan
sample_001101,0.04919274608120485,0.01_to_0.1_si,0.004350142045454545,0.008662600548042075,0.004350142045454545,1.0,392,90112,229.87755102040816,0.0056243453807194,0.011185778082152691,0.0056243453807194,1.0,392,69697,177.7984693877551,0.0038684585666212113,0.0054278885274684245,1.747319895460318,0.04264213600877805,-0.04264213600877805,0.1331620993705408,0.003713224462963585,363.56923361769054,0.0,29.014793312963015,34.34926810217953,4.078733444219815,0.22057922586510076,0.1179872219155408,16.636066508997235,8.421552565749954,35.69822883376861,4.238913021685761,0.0,0.0,0.0,0.0,392,0,0.0,0.0,0.0,0.0,0.0,392,0,0.0,0.00019616247694405806,0.0031064080146803843,1.0,2.948257045252407,8.421552565749954,1.0,nan
sample_001102,0.022822768518607883,0.01_to_0.1_si,0.0024857954545454545,0.00495926319518243,0.0024857954545454545,1.0,224,90112,402.2857142857143,0.0032139116461253714,0.006407231017863017,0.0032139116461253714,1.0,224,69697,311.14732142857144,0.0037631563206576013,0.004821428530233579,4.425567587537851,0.019562920779987638,-0.019562920779987638,0.14283317364008397,0.003727072029885885,365.5512246912076,0.0,30.20008459078636,35.05976789303128,11.631955930401718,0.22797908050793006,0.12291873247132269,135.30239876680773,3.014090502303034,35.71407614874336,11.849039078771728,0.0,0.0,0.0,0.0,224,0,0.0,0.0,0.0,0.0,0.0,224,0,0.0,5.2005008304452836e-05,0.0010894486266146842,1.0,1.05924237988293,3.014090502303034,1.0,nan
sample_001103,0.0025538270125292336,0.001_to_below_0.01_si,0.01065340909090909,0.02108222066057625,0.01065340909090909,1.0,960,90112,93.86666666666666,0.01029497976750504,0.02038014634077303,0.010330430291117266,0.75,960,69697,72.60104166666666,0.0037109022144687,0.004725673903181449,18.72501918923998,0.001154930242531312,0.00023040907544782385,1.0902211014246754,0.003736109038649542,363.68779825830103,0.0,30.59230840355261,35.3220195810592,14.681665536704594,0.18148193657027617,0.12476450672847295,215.55130293165945,2.405859164462854,35.72403192826893,14.848762743867795,0.0,0.0,0.0,0.0,960,0,0.0,0.0,0.0,0.0,0.0,960,0,0.0,2.4939715785876615e-05,0.0002523721794580041,1.0,0.8089675929666621,2.405859164462854,1.0,nan
sample_001104,0.004368847801708226,0.001_to_below_0.01_si,0.003105314523999645,0.006191402794976119,0.003107244318181818,0.8333333333333334,336,90112,268.1904761904762,0.0032087553180821958,0.006396984278839975,0.0032139116461253714,0.6666666666666666,336,69697,207.43154761904762,0.00372240129882727,0.004727402997724771,18.508519334486884,0.0028033257574333298,-0.0005104817867192814,0.8831541354667012,0.0037255534442411633,364.9850198254183,0.0,30.846753964186917,35.57068237263671,121.9621250787567,0.4283966330405857,0.12652734444550076,14874.759953726305,0.2916535141517666,35.71407614874336,122.45378305354129,0.0,0.0,0.0,0.0,336,0,0.0,0.0,0.0,0.0,0.0,336,0,0.0,1.4932584917914937e-05,0.00025541767616797976,1.0,0.14091639446998291,0.2916535141517666,1.0,nan
sample_001105,0.013296819860321505,0.01_to_0.1_si,0.0013316761363636363,0.0026598102668676303,0.0013316761363636363,1.0,120,90112,750.9333333333333,0.0017217383818528774,0.003437558187833909,0.0017217383818528774,1.0,120,69697,580.8083333333333,0.0037234325790542386,0.004729069129041488,10.179415399687448,0.0055937662720680235,-0.0055937662720680235,0.5793154921164653,0.003721146666449724,365.3570642986997,0.0,30.774939522676913,35.526748537597044,64.82140634962643,0.29130244016573364,0.12621498616536536,4201.814721143389,0.5480712397070939,35.71407614874336,65.16320062302495,0.0,0.0,0.0,0.0,120,0,0.0,0.0,0.0,0.0,0.0,120,0,0.0,1.62314699991839e-05,0.0004645717797494228,1.0,0.22020848567954235,0.5480712397070939,1.0,nan
sample_001106,0.051558278447997895,0.01_to_0.1_si,0.0031960227272727275,0.006371681415929204,0.0031960227272727275,1.0,288,90112,312.8888888888889,0.004132172116446906,0.0082303350718011,0.004132172116446906,1.0,288,69697,242.00347222222223,0.0038325260406999093,0.005281122017586315,1.892418324038856,0.04395832177154565,-0.04395832177154565,0.14740516848978485,0.003714624584096053,364.0926432347587,0.0,29.814706433375378,34.29935152304457,10.110522842177211,0.3962803315827468,0.117644551490138,102.22267214218725,3.392440930943834,35.71407614874336,10.527545468214564,0.0,0.0,0.0,0.0,288,0,0.0,0.0,0.0,0.0,0.0,288,0,0.0,0.0001510496440459974,0.0027906736848305204,1.0,1.5893159239440546,3.392440930943834,1.0,nan
sample_001107,0.00025128309395215214,0.0001_to_below_0.001_si,0.0005325286234135085,0.0010644903752328573,0.0005326704545454545,0.6666666666666666,72,90112,1251.5555555555557,0.0,0.0,0.0,0.0,0,69697,,0.00372594589744714,0.004732560225710211,695.9086643248713,0.0033163554215608964,0.0031490344244353707,13.53182021857774,0.0037262461103539707,366.03660791229123,0.0,30.95419678824383,35.712561795253905,9417.748436312786,0.28559181169728987,0.12753870699798292,1173466.1955053073,0.0037920488147203057,35.71407614874336,9418.147785995092,0.0,0.0,0.0,0.0,72,0,0.0,1.0,1.0,1.0,1.0,0,0,1.0,1.8404522705850468e-07,6.800547928658782e-06,1.0,0.0017179961592142824,0.0037920488147203057,1.0,nan
sample_001108,0.023513938092771608,0.01_to_0.1_si,0.017913061939387506,0.03519566180879631,0.018239792471694546,0.5,1350,37007,27.412592592592592,0.017913537326504074,0.03519657941391177,0.018240285359130953,0.5,1350,37006,27.411851851851853,0.03764115549963291,0.06115037401124137,22.191797005639685,0.05000000074505806,0.02648606337606907,2.1263984827568616,0.037469069344535394,3632.7761492300847,0.3763834635416667,516.1569334339266,573.2933473041514,17.20984670490358,0.06278396819304831,32.86652620631984,296.1788236062804,33.31193805118577,575.3530966729858,17.271678873469373,0.0,0.0,0.0,0.0,1350,0,0.0,0.0,0.0,0.0,0.0,1350,0,0.0,0.0003229147893080153,0.0027555395354283974,1.0,11.27571293094599,33.31193805118577,1.0,nan
sample_001109,0.0019672726213659343,0.001_to_below_0.01_si,0.01364522417153996,0.026923076923076925,0.013671875,0.875,1408,90112,64.0,0.015075161672543505,0.02970255256311089,0.015151297760305322,0.75,1408,69697,49.50071022727273,0.003713547935533258,0.004728103104634021,20.081984892625186,0.0015142404107280072,0.000767931571377031,1.3903533877583136,0.0037455061690509035,362.92456575635634,0.0,30.705500597561684,35.37876880761905,12.775170442875254,0.15757340565104191,0.12516572823429592,163.2049798445136,2.769338300871741,35.76302256748056,12.913923357151043,0.0,0.0,0.0,0.0,1408,0,0.0,0.0,0.0,0.0,0.0,1408,0,0.0,2.8177083246797945e-05,0.00023544002895701518,1.0,0.8520073195072837,2.769338300871741,1.0,nan
sample_001110,0.00012703682691681876,0.0001_to_below_0.001_si,0.004971590909090909,0.009893992932862191,0.004971590909090909,1.0,448,90112,201.14285714285714,0.0,0.0,0.0,0.0,0,69697,,0.003725428449261122,0.004732225339182404,551.8008695233328,0.003714918912529746,0.003714918912529746,30.2428512141387,0.003725476563556164,364.560234603352,0.0,30.949862653236508,35.70549410456603,1050.521192082421,0.22687632826327864,0.12748823092511993,1103594.7750142713,0.03398836156154827,35.71407614874336,1050.773691578809,0.0,0.0,0.0,0.0,448,0,0.0,1.0,1.0,1.0,1.0,0,0,1.0,5.789438546344172e-07,8.575965716165467e-06,1.0,0.012955457227043951,0.03398836156154827,1.0,nan
sample_001111,0.01721482103327522,0.01_to_0.1_si,0.0042724609375,0.00850856934484016,0.0042724609375,1.0,385,90112,234.05714285714285,0.005523910641777982,0.010987129362746498,0.005523910641777982,1.0,385,69697,181.03116883116883,0.003755533738440035,0.004786210052513986,4.442674110044868,0.012401264323550579,-0.012401264323550579,0.2796170315006516,0.0037215402716433196,364.4095018590422,0.0,30.30682196308181,35.011843608466194,8.89263537810285,0.20353843061839802,0.1225829192863695,79.07896396788641,3.937172966146691,35.711768410018536,9.070408823051944,0.0,0.0,0.0,0.0,385,0,0.0,0.0,0.0,0.0,0.0,385,0,0.0,6.742051529802968e-05,0.001077326388107645,1.0,1.3569530357283848,3.937172966146691,1.0,nan
sample_001112,0.0065816114158772305,0.001_to_below_0.01_si,0.011186079545454546,0.02212467076382792,0.011186079545454546,1.0,1008,90112,89.39682539682539,0.014462602407564171,0.028512835018739833,0.014462602407564171,1.0,1008,69697,69.1438492063492,0.003671788282719709,0.004682061267163708,7.025224063939132,0.0015344416728660848,0.0002404844020179192,1.036538832970096,0.0036939314888405407,359.4047581382292,0.0,30.17435012188947,34.96040695130849,14.228316530653583,0.28284964155888065,0.12222300542010993,202.44499129647005,2.4571007312066433,35.71407614874336,14.535047625501598,0.0,0.0,0.0,0.0,1008,0,0.0,0.0,0.0,0.0,0.0,1008,0,0.0,6.74872269428306e-05,0.0006664643326035654,1.0,0.9832703398592276,2.4571007312066433,1.0,nan
sample_001113,0.0009646400118839961,0.0001_to_below_0.001_si,0.004794034090909091,0.009542321965011487,0.004794034090909091,1.0,432,90112,208.59259259259258,0.0,0.0,0.0,0.0,0,69697,,0.003721768252493226,0.004727144054718248,73.92261002231596,0.005702984705782944,0.005702984705782944,6.912034239825272,0.0037130233049308876,363.4010169001958,0.0,30.920879425725797,35.66009200110768,219.20478649858237,0.2962312759503648,0.12716421615274637,48050.7384238891,0.16267934916347407,35.71407614874336,219.53663038604128,0.0,0.0,0.0,0.0,432,0,0.0,1.0,1.0,1.0,1.0,0,0,1.0,4.239140622530613e-06,6.394720171935486e-05,1.0,0.06671944516961731,0.16267934916347407,1.0,nan
sample_001114,0.012223577465524837,0.01_to_0.1_si,0.002130681818181818,0.004252303330970942,0.002130681818181818,1.0,192,90112,469.3333333333333,0.002754781410964604,0.005494426876904806,0.002754781410964604,1.0,192,69697,363.0052083333333,0.003717452089871842,0.004721626336114715,8.740339010999618,0.003921630932988289,-0.003921630932988289,0.6791748526402532,0.0037170525226641778,364.6874571036278,0.0,30.777316637349195,35.45694931163716,55.78030393008804,0.36287879260891803,0.12571952544880066,3111.442306532997,0.6356535696914978,35.71407614874336,56.18481174592711,0.0,0.0,0.0,0.0,192,0,0.0,0.0,0.0,0.0,0.0,192,0,0.0,2.3874174075899646e-05,0.000540210892297495,1.0,0.2839619012063359,0.6356535696914978,1.0,nan
sample_001115,0.0002515226340265077,0.0001_to_below_0.001_si,0.008988813920454546,0.017817469919271463,0.008988813920454546,1.0,810,90112,111.24938271604938,0.0,0.0,0.0,0.0,0,69697,,0.0037239349104502737,0.004730508196929529,207.19239339441992,0.00484988119562421,0.00484988119562421,20.28208631240224,0.003714580319490923,362.1492936684481,0.0,30.930381403866086,35.68608910908196,345.4367379094405,0.23750888214204474,0.12734969559013387,119326.53989751553,0.10330716218851455,35.71407614874336,345.70764884212423,0.0,0.0,0.0,0.0,810,0,0.0,1.0,1.0,1.0,1.0,0,0,1.0,2.0724826654827666e-06,2.2831476191909864e-05,1.0,0.03831874470985521,0.10330716218851455,1.0,nan
sample_001116,0.0013292595670456409,0.001_to_below_0.01_si,0.012428977272727272,0.024552788495264818,0.012428977272727272,1.0,1120,90112,80.45714285714286,0.016069558230626856,0.03163082310744595,0.016069558230626856,1.0,1120,69697,62.229464285714286,0.0037108628338972105,0.004721092843579148,33.27433004127302,0.0029542945838849327,0.0029542945838849327,3.2225113807752748,0.003719581927986914,361.48385008948026,0.0,30.788701801248994,35.49368711497928,32.37942168984786,0.19622445154136245,0.12598018250160464,1048.42694896899,1.0961803905876386,35.71407614874336,32.58047348356397,0.0,0.0,0.0,0.0,1120,0,0.0,0.0,0.0,0.0,0.0,1120,0,0.0,1.5144559218545814e-05,0.0001418839338830615,1.0,0.3602127036974585,1.0961803905876386,1.0,nan
sample_001117,0.04595197898816355,0.01_to_0.1_si,0.009536929108826957,0.018893670620342185,0.009817824806370678,0.25,1440,36668,25.46388888888889,0.009541731824326116,0.01890309538186878,0.00982291467707168,0.25,1440,36649,25.450694444444444,0.03757910085561466,0.06099600840012961,10.96734638102282,0.04797598905861378,-0.020951976999640465,0.5440462370106866,0.0374245385929338,3625.0905062659394,0.3719380696614583,508.87032721609677,563.5431035023975,24.571582770648664,0.2125210782595122,31.758082950511383,603.7626798548389,22.93474981902927,569.4036431095627,24.827113772879304,0.0,0.0,0.0,0.0,1440,0,0.0,0.0,0.0,0.0,0.0,1440,0,0.0,0.0006731246685376391,0.005561601346491016,1.0,10.023212516609137,22.93474981902927,1.0,nan
sample_001118,0.003749422101497532,0.001_to_below_0.01_si,0.00044389204545454544,0.0008873901854645487,0.00044389204545454544,1.0,40,90112,2252.8,0.0002868740766240659,0.0005735836069805125,0.00028695639697547956,0.5,40,69697,1742.425,0.0037256298892600257,0.004732538034254394,62.57277062628814,0.0014108342773397453,-0.0014108342773397453,0.6237195317426583,0.003726572165418912,366.18788726272396,0.0,30.938393048813644,35.68445885647365,92.6739468135963,0.0731873744919591,0.12733806038793608,8588.46041800928,0.38505383749598043,35.71407614874336,92.75086408953443,0.0,0.0,0.0,0.0,40,0,0.0,0.0,0.0,0.0,0.0,40,0,0.0,1.5256437298679277e-06,7.563254730271042e-05,1.0,0.07059636892664413,0.38505383749598043,1.0,nan
sample_001119,0.009405782313885743,0.001_to_below_0.01_si,0.0049680624556423,0.009887005649717515,0.004971590909090909,0.875,512,90112,176.0,0.004578689064087338,0.009115640444957199,0.004591302351607673,0.625,512,69697,136.126953125,0.0037476280333492602,0.0047541235475451245,7.003677643492496,0.006778472685548931,-0.006778472685548931,0.27932920793416,0.0037317597367408847,364.9362481753646,0.0,30.60866549556587,35.29001149565902,46.09412195743222,0.4774821273068784,0.12453849113637458,2124.668079026636,0.7656076305835532,35.71407614874336,46.648014886583304,0.0,0.0,0.0,0.0,512,0,0.0,0.0,0.0,0.0,0.0,512,0,0.0,4.898845024096469e-05,0.0006788038784112852,1.0,0.3957655223653159,0.7656076305835532,1.0,nan
sample_001120,0.004794016551962213,0.001_to_below_0.01_si,0.004794034090909091,0.009542321965011487,0.004794034090909091,1.0,432,90112,208.59259259259258,0.006198258174670359,0.01232015286115587,0.006198258174670359,1.0,432,69697,161.33564814814815,0.003704939937879422,0.004704734676377506,14.804008819663748,0.003863911478590496,0.003863911478590496,1.8059862735872652,0.003704238248881678,362.5412058945476,0.0,30.80612114336873,35.48771038375536,64.2642502691392,0.37276978385685505,0.12593775882812985,4129.893862654557,0.5522154266973092,35.71407614874336,64.67417319784447,0.0,0.0,0.0,0.0,432,0,0.0,0.0,0.0,0.0,0.0,432,0,0.0,2.1067455236334354e-05,0.0003178013964790626,1.0,0.2487507738105119,0.5522154266973092,1.0,nan
sample_001121,0.0008514777814915341,0.0001_to_below_0.001_si,0.0027965198863636365,0.0055774423442964014,0.0027965198863636365,1.0,252,90112,357.58730158730157,0.0,0.0,0.0,0.0,0,69697,,0.0037238246497643588,0.004731406901568214,109.74943687294957,0.0023506751823579035,0.0023506751823579035,3.7607005341082975,0.003727353732962931,365.4744882244813,0.0,30.932683076403354,35.68109131305318,201.86240470743599,0.16327367236535809,0.1273140277290439,40748.43043426868,0.176759468236627,35.71407614874336,202.04901330056677,0.0,0.0,0.0,0.0,252,0,0.0,1.0,1.0,1.0,1.0,0,0,1.0,2.1827433513976757e-06,4.311099023720255e-05,1.0,0.05666419878249899,0.176759468236627,1.0,nan
sample_001122,0.00019322815441099195,0.0001_to_below_0.001_si,0.0034932076517881897,0.006962095259144657,0.0034956498579545455,0.8333333333333334,378,90112,238.39153439153438,0.0,0.0,0.0,0.0,0,69697,,0.0037255093744190857,0.004732304486166087,394.9498546321807,0.002407137081239439,0.0023434254032758993,13.127763424178896,0.0037305983674017656,365.3225757261853,0.0,30.94391010930846,35.70093640494912,285.9299298103941,0.10041821041289885,0.12745568601902213,81755.92476137694,0.12485903951581118,35.71407614874336,286.03516643439184,0.0,0.0,0.0,0.0,378,0,0.0,1.0,1.0,1.0,1.0,0,0,1.0,7.430037864963879e-07,1.1982038809897285e-05,1.0,0.029428441575644875,0.12485903951581118,1.0,nan
sample_001123,0.09560495357124078,0.01_to_0.1_si,0.0027185026583587944,0.0054222648752399235,0.002740722774678632,0.2511111111111111,450,41230,91.62222222222222,0.0028485001260398287,0.005680818440037202,0.0028729057025907,0.2511111111111111,450,39333,87.40666666666667,0.03702150113006043,0.0603619785719666,9.33173501779259,0.07270113410221206,-0.07049384466475911,0.2626549134741839,0.03685742163573758,3606.6461367434654,0.3452962239583333,510.1513569600907,560.3090990199736,33.19570253423884,0.20959642326125938,31.39462864445746,1101.9546667416707,16.878964933549984,564.5948930879736,33.449615856819484,0.0,0.0,0.0,0.0,450,0,0.0,0.0,0.0,0.0,0.0,450,0,0.0,0.0004376447577669751,0.0064684625588785055,1.0,6.582566415223007,16.878964933549984,1.0,nan
sample_001124,0.00010307641617980054,0.0001_to_below_0.001_si,0.004660866477272727,0.009278487164759422,0.004660866477272727,1.0,420,90112,214.55238095238096,0.0,0.0,0.0,0.0,0,69697,,0.00372556700314682,0.004731975424984997,702.334678474627,0.007601047852533936,0.007601047852533936,74.74187044370252,0.003708938116334444,363.0456985792807,0.0,30.950960222229767,35.708936512377456,2687.1845606079037,0.3262626227532642,0.12751281468450038,1173227.9638710816,0.013288605864979836,35.71407614874336,2687.571330779141,0.0,0.0,0.0,0.0,420,0,0.0,1.0,1.0,1.0,1.0,0,0,1.0,4.403899689364721e-07,6.737493633750481e-06,1.0,0.005818464959263868,0.013288605864979836,1.0,nan
sample_001125,0.02681457588597378,0.01_to_0.1_si,0.001065340909090909,0.002128414331323164,0.001065340909090909,1.0,96,90112,938.6666666666666,0.001377390705482302,0.0027509922198501284,0.001377390705482302,1.0,96,69697,726.0104166666666,0.00373903961905712,0.004769463836009074,5.691786489385611,0.02007978780117507,-0.02007978780117507,0.25116147193016897,0.0037230662581752842,365.6348910828783,0.0,30.709753445470167,35.37766046780994,28.958887834867408,0.26378496175275246,0.12515788601756425,838.6171846324321,1.221651213594402,35.71407614874336,29.234265681825548,0.0,0.0,0.0,0.0,96,0,0.0,0.0,0.0,0.0,0.0,96,0,0.0,2.618610960780643e-05,0.0008379555074498057,1.0,0.4424734051487345,1.221651213594402,1.0,nan
sample_001126,0.07507606138732517,0.01_to_0.1_si,0.006519136103596612,0.012953824462460345,0.006525213068181818,0.875,672,90112,134.0952380952381,0.008426362476891991,0.016711904389717064,0.0084365180710791,0.875,672,69697,103.71577380952381,0.004152879534499668,0.0073848011688663045,1.1897022992743327,0.06886234134884078,-0.06886234134884078,0.0827656283733694,0.003707485008737242,361.96917637303443,0.0,27.827017197027402,32.59152824721629,2.3715216307622877,0.3569850271380733,0.10622077134890974,5.624114845173422,13.742876229528742,35.69711820735058,2.597499796341735,0.0,0.0,0.0,0.0,672,0,0.0,0.0,0.0,0.0,0.0,672,0,0.0,0.0005132152436999604,0.006207268132011445,1.0,6.1071478762908615,13.742876229528742,1.0,nan
sample_001127,0.00011035324459912724,0.0001_to_below_0.001_si,0.0023970170454545455,0.0047825701886458245,0.0023970170454545455,1.0,216,90112,417.18518518518516,0.0,0.0,0.0,0.0,0,69697,,0.003725764917731985,0.00473242905957277,914.866526725405,0.00499041400972702,0.00499041400972702,46.22217879412993,0.003722980028613327,365.179665046624,0.0,30.953948356897744,35.71166525258496,7140.293600155966,0.4231354523575764,0.1275323035112684,1173407.2779000585,0.005001428127802042,35.71407614874336,7140.775641704259,0.0,0.0,0.0,0.0,216,0,0.0,1.0,1.0,1.0,1.0,0,0,1.0,2.424753837715343e-07,5.172808187126066e-06,1.0,0.0024218296989082263,0.005001428127802042,1.0,nan
sample_001128,0.0012157470920051519,0.001_to_below_0.01_si,0.0007990056818181819,0.001596735562849286,0.0007990056818181819,1.0,72,90112,1251.5555555555557,0.0010330430291117265,0.0020639539050294545,0.0010330430291117265,1.0,72,69697,968.0138888888889,0.003725116953351167,0.004731991134217079,143.8202467366334,0.003093428266260566,0.003093428266260566,3.544466926404296,0.003725579955076374,365.97117014706237,0.0,30.94749093668742,35.70215797198179,639.2512050043673,0.18199214019890728,0.1274644083856343,408642.10309953586,0.0558499658545624,35.71407614874336,639.4646013167771,0.0,0.0,0.0,0.0,72,0,0.0,0.0,0.0,0.0,0.0,72,0,0.0,8.904397645892459e-07,3.290212081809588e-05,1.0,0.017042019317130872,0.0558499658545624,1.0,nan
sample_001129,0.0001503102632744237,0.0001_to_below_0.001_si,0.0007990056818181819,0.001596735562849286,0.0007990056818181819,1.0,72,90112,1251.5555555555557,0.0,0.0,0.0,0.0,0,69697,,0.003725897302587063,0.004732614833411149,1163.4074931075113,0.003051841904784346,0.003051841904784346,21.303615548378307,0.0037263913573619,366.0508758163742,0.0,30.954527417231304,35.712243732929075,3297.2013355246177,0.14486159938712095,0.1275364352440132,1173445.2934078127,0.010831077662185556,35.71407614874336,3297.3705168260026,0.0,0.0,0.0,0.0,72,0,0.0,1.0,1.0,1.0,1.0,0,0,1.0,1.1009052869326297e-07,4.06789096808215e-06,1.0,0.002865768424702118,0.010831077662185556,1.0,nan
sample_001130,0.00039293646223430246,0.0001_to_below_0.001_si,0.0031960227272727275,0.006371681415929204,0.0031960227272727275,1.0,288,90112,312.8888888888889,0.0,0.0,0.0,0.0,0,69697,,0.003724856212077262,0.00473130016178042,222.45774100775202,0.0055065644094914505,0.0055065644094914505,15.013879988441515,0.0037196210263845658,364.5823745221096,0.0,30.94356121663276,35.69856418256928,638.1991583865118,0.2410416223529763,0.12743874846970182,407298.1657652521,0.05593640122124573,35.71407614874336,638.4764727262873,0.0,0.0,0.0,0.0,288,0,0.0,1.0,1.0,1.0,1.0,0,0,1.0,1.151181038494542e-06,2.1268309838746138e-05,1.0,0.01914801631249861,0.05593640122124573,1.0,nan
sample_001131,0.024983149876594234,0.01_to_0.1_si,0.0027173611650270074,0.00541999424816937,0.002718838778409091,0.8333333333333334,294,90112,306.5034013605442,0.0028082240848198293,0.0056007200925833325,0.0028121726903597,0.6666666666666666,294,69697,237.06462585034015,0.003781743058555845,0.004877579738196006,3.5700075046739186,0.021809667802466765,-0.021809667802466765,0.127024868507165,0.0037276648025135043,365.34842729434854,0.0,30.444893290808263,35.03427476111703,26.464025845407487,0.46245753142330004,0.12274004080374419,700.3446639463958,1.3238452443242605,35.71407614874336,26.97753102325275,0.0,0.0,0.0,0.0,294,0,0.0,0.0,0.0,0.0,0.0,294,0,0.0,7.47176698041585e-05,0.001366265962133184,1.0,0.6643751340906727,1.3238452443242605,1.0,nan
sample_001132,0.002437354667279417,0.001_to_below_0.01_si,0.00304989630352568,0.006081245439065921,0.0030517578125,0.8333333333333334,330,90112,273.06666666666666,0.003151546406520836,0.006283290730718151,0.0031565203667302754,0.6666666666666666,330,69697,211.2030303030303,0.0037216397068803313,0.004729568786645179,33.491255199547794,0.0014492558698837898,9.6850675483686e-05,1.0397359780838562,0.003729293642273485,365.37381530810245,0.0,30.8655640814951,35.57343054007919,25.7818220472034,0.10531977527087082,0.12654689603898386,664.7023480736633,1.3797872964505198,35.70674524934149,25.878441801280896,0.0,0.0,0.0,0.0,330,0,0.0,0.0,0.0,0.0,0.0,330,0,0.0,8.182038087056753e-06,0.0001412180211958444,1.0,0.31427480697846105,1.3797872964505198,1.0,nan
sample_001133,0.00011129968445516185,0.0001_to_below_0.001_si,0.0026598102668676303,0.0053055088867273855,0.0026633522727272725,0.6666666666666666,360,90112,250.3111111111111,0.0,0.0,0.0,0.0,0,69697,,0.0037258707929472903,0.004732399513111512,702.6221177036817,0.0033630144161946084,0.0032890156855239798,30.550988707486088,0.003727204496855962,365.05731724006034,0.0,30.9534669153442,35.71062723113278,4604.840404916612,0.40558849926065726,0.1275248897240922,1173339.0646584732,0.007755019520981522,35.71407614874336,4605.285138498681,0.0,0.0,0.0,0.0,360,0,0.0,1.0,1.0,1.0,1.0,0,0,1.0,4.0759161379355646e-07,6.7353409377119975e-06,1.0,0.003562428538064232,0.007755019520981522,1.0,nan
sample_001134,0.01882413026167704,0.01_to_0.1_si,0.009100435717831338,0.018036729339746392,0.009184014249137258,0.5,660,35932,54.442424242424245,0.009120053062126907,0.018075258804841978,0.00920399397556758,0.5,660,35854,54.32424242424243,0.03638319897513751,0.060217662345369585,39.04114974345778,0.05000000074505806,0.031175870448350906,2.6561652494407353,0.03629115963664106,3543.61399156018,0.3629048665364583,502.7617299815563,554.8167286683223,59.2635657669116,0.12717806061115963,30.782160241021867,3512.170227409057,9.36185194880884,556.2163539038235,59.413068797204595,0.0,0.0,0.0,0.0,660,0,0.0,0.0,0.0,0.0,0.0,660,0,0.0,0.0001263827107322868,0.0015424151886167408,1.0,3.0276472142797934,9.36185194880884,1.0,nan
sample_001135,0.003990557307051418,0.001_to_below_0.01_si,0.007990056818181818,0.015853443720274793,0.007990056818181818,1.0,720,90112,125.15555555555555,0.010330430291117266,0.020449607339136856,0.010330430291117266,1.0,720,69697,96.8013888888889,0.0037044308819471996,0.004717818196623314,13.81423926128013,0.001453301977340339,0.0004086574584814823,1.1024061067697601,0.0037210402934420854,363.1139959952525,0.0,30.687897067626253,35.31824878200565,20.309542429655153,0.22956874529372495,0.12473786970276432,412.47751370196283,1.7389977595179793,35.71407614874336,20.537160530122073,0.0,0.0,0.0,0.0,720,0,0.0,0.0,0.0,0.0,0.0,720,0,0.0,2.9227716140667326e-05,0.0003415184946048284,1.0,0.6055706303660097,1.7389977595179793,1.0,nan
sample_001136,0.0016238092239128073,0.001_to_below_0.01_si,0.00698432407263697,0.013871763255240444,0.006991299715909091,0.875,720,90112,125.15555555555555,0.007727864676502998,0.015337205504352643,0.007747822718337949,0.75,720,69697,96.8013888888889,0.003719699933125136,0.004721237176108402,33.973489882752276,0.004501721394393006,0.003739090710578452,3.3026662626128998,0.003713929976450754,362.4201428219704,0.0,30.881323150538197,35.60429869068526,125.10257200567128,0.33961434065016854,0.12676660852555321,15650.653522434168,0.28460085288311426,35.71407614874336,125.48829628213079,0.0,0.0,0.0,0.0,720,0,0.0,0.0,0.0,0.0,0.0,720,0,0.0,1.1893133944340661e-05,0.00013896827180257646,1.0,0.1212067206719695,0.28460085288311426,1.0,nan
sample_001137,0.03807608419509437,0.01_to_0.1_si,0.004188922626831269,0.008342897501544981,0.004194779829545455,0.75,504,90112,178.79365079365078,0.005413688899073371,0.01076907736357032,0.005423475902836564,0.75,504,69697,138.2876984126984,0.0038746436059956535,0.0052969629609732494,1.942875560415143,0.033533611766819724,-0.033533611766819724,0.11929988198252217,0.003721799843694474,363.99202471331955,0.0,29.33354094729474,34.09386026144875,8.550830674155375,0.3597990110673789,0.11623913075271938,73.11670521807648,3.9871986197196483,35.71407614874336,8.957185120427866,0.0,0.0,0.0,0.0,504,0,0.0,0.0,0.0,0.0,0.0,504,0,0.0,0.0001952142984009697,0.0027263521498213806,1.0,1.8918675549635362,3.9871986197196483,1.0,nan
sample_001138,0.0008694439024539824,0.0001_to_below_0.001_si,0.0011094838681045577,0.002216508555723025,0.0011097301136363637,0.8333333333333334,120,90112,750.9333333333333,0.0,0.0,0.0,0.0,0,69697,,0.0037255733845490586,0.0047317570858654194,155.76713518769327,0.004227996861246671,0.0037140927479342167,5.27180248761596,0.00372495932505664,365.7314063713611,0.0,30.947365815962474,35.70330528124288,1510.1964833702775,0.39401488166306264,0.12747260080056258,1172857.9614263196,0.023641496768396966,35.71407614874336,1510.6520749771034,0.0,0.0,0.0,0.0,120,0,0.0,1.0,1.0,1.0,1.0,0,0,1.0,1.061332923768532e-06,3.0377120823104513e-05,1.0,0.010946191205465085,0.023641496768396966,1.0,nan
sample_001139,0.00014177955233493191,0.0001_to_below_0.001_si,0.005363891259295379,0.010670546865526858,0.00537109375,0.8,605,90112,148.94545454545454,0.0,0.0,0.0,0.0,0,69697,,0.0037254831117057284,0.004732140680653553,425.4533408438184,0.0029518101241553384,0.0028952189298952495,21.42056684275142,0.0037302740733068497,364.4440466880059,0.0,30.951163120374908,35.70702753910037,2360.6031923286723,0.4244858317688728,0.12749918156780723,1173102.5274294289,0.015126230302127284,35.71407614874336,2361.0691782023637,0.0,0.0,0.0,0.0,605,0,0.0,1.0,1.0,1.0,1.0,0,0,1.0,8.725650254189551e-07,1.1122584373807251e-05,1.0,0.007100523382894183,0.015126230302127284,1.0,nan
sample_001140,0.00027680450837096345,0.0001_to_below_0.001_si,0.003995028409090909,0.007958263330091078,0.003995028409090909,1.0,360,90112,250.3111111111111,0.0,0.0,0.0,0.0,0,69697,,0.003724993704782483,0.004731580965009041,282.4668477541239,0.005027504352619871,0.005027504352619871,19.16265435661917,0.003720206236094034,364.37187958799404,0.0,30.946959359655203,35.700624286115634,713.0677769508217,0.236592778009353,0.12745345744183897,508465.65452558675,0.0500662425650147,35.71407614874336,713.33645824062,0.0,0.0,0.0,0.0,360,0,0.0,1.0,1.0,1.0,1.0,0,0,1.0,1.0136883332734214e-06,1.675092494085425e-05,1.0,0.018159762634545735,0.0500662425650147,1.0,nan
sample_001141,0.0004274970438639752,0.0001_to_below_0.001_si,0.008078835227272728,0.016028181417877586,0.008078835227272728,1.0,728,90112,123.78021978021978,0.0,0.0,0.0,0.0,0,69697,,0.0037228415213625596,0.004728573262120367,128.53366732066513,0.005934095530832125,0.005934095530832125,14.881020808062006,0.0037063436846107574,361.65019136957926,0.0,30.924809884388406,35.67439643109318,268.45574402811894,0.26276356376414134,0.12726625607227937,72068.48650169093,0.13288743945578055,35.71407614874336,268.75434047796165,0.0,0.0,0.0,0.0,728,0,0.0,1.0,1.0,1.0,1.0,0,0,1.0,3.165871753196825e-06,3.678859679871687e-05,1.0,0.05125961399564518,0.13288743945578055,1.0,nan
sample_001142,0.019319819780188076,0.01_to_0.1_si,0.009943181818181818,0.01969057665260197,0.009943181818181818,1.0,896,90112,100.57142857142857,0.012855646584501485,0.02538495318232686,0.012855646584501485,1.0,896,69697,77.78683035714286,0.0037911054805393808,0.004863948473047419,2.637044725771836,0.013244257568138502,-0.013244257568138502,0.31447300972340525,0.0037041513877493757,360.8139783778912,0.0,29.44857923641211,34.317781815267146,4.3707348802878245,0.24673635385436235,0.11777101487202805,19.10332339376462,7.851718934049652,35.7111702628893,4.548197733877705,0.0,0.0,0.0,0.0,896,0,0.0,0.0,0.0,0.0,0.0,896,0,0.0,0.00017609210287143165,0.0018444694644395114,1.0,3.0098750195166644,7.851718934049652,1.0,nan
sample_001143,0.03678629160806116,0.01_to_0.1_si,0.011370780374470412,0.022485878760033513,0.011435797344475905,0.6666666666666666,624,36377,58.29647435897436,0.01137109118740433,0.022486486486486486,0.011436111722014515,0.6666666666666666,624,36376,58.294871794871796,0.03692161565770383,0.06064084985823653,20.69057539075776,0.05440457041064898,0.029880375911792118,1.81226931260841,0.03680993093446634,3595.594053678672,0.369964599609375,509.21348946129285,563.4953465154147,21.49010967169225,0.07950891665818033,31.752700554452723,461.82481370136077,26.22114801292412,565.5601962012454,21.568857165311254,0.0,0.0,0.0,0.0,624,0,0.0,0.0,0.0,0.0,0.0,624,0,0.0,0.00023350673473032657,0.0029308440540191244,1.0,8.743487685415175,26.22114801292412,1.0,nan
sample_001144,0.014416902180149628,0.01_to_0.1_si,0.0016645951704545455,0.003323657796193304,0.0016645951704545455,1.0,150,90112,600.7466666666667,0.002152172977316097,0.004295102151846178,0.002152172977316097,1.0,150,69697,464.64666666666665,0.00372514586464349,0.004731375180124903,8.401472235291534,0.006926145513231555,-0.006926145513231555,0.5195815746966743,0.0037202540625030965,365.15781725092893,0.0,30.766690820743573,35.45434633004243,43.54856605892748,0.2851023448416892,0.1257010673690593,1896.4776057887711,0.8141334959701678,35.71407614874336,43.867592140014374,0.0,0.0,0.0,0.0,150,0,0.0,0.0,0.0,0.0,0.0,150,0,0.0,2.199844715278232e-05,0.0005631602471112274,1.0,0.3194707043929869,0.8141334959701678,1.0,nan
sample_001145,0.00018097259917066965,0.0001_to_below_0.001_si,0.0015980113636363637,0.0031909235951072504,0.0015980113636363637,1.0,144,90112,625.7777777777778,0.0,0.0,0.0,0.0,0,69697,,0.0037257422965417306,0.004732510041410808,683.2554116511741,0.003078877338945555,0.003078877338945555,18.012947992799383,0.0037266912426897935,365.8120123824301,0.0,30.953199268337418,35.71047331664158,2195.454156105999,0.19364213561435573,0.127523790449857,1173328.9503866185,0.016265642904600662,35.71407614874336,2195.675655626363,0.0,0.0,0.0,0.0,144,0,0.0,1.0,1.0,1.0,1.0,0,0,1.0,2.650965740258471e-07,6.926414281848255e-06,1.0,0.005565214316722417,0.016265642904600662,1.0,nan
sample_001146,0.00016901504890433724,0.0001_to_below_0.001_si,0.004261363636363636,0.008486562942008486,0.004261363636363636,1.0,384,90112,234.66666666666666,0.0,0.0,0.0,0.0,0,69697,,0.003725347178065127,0.004731630264404768,447.92509841038896,0.007493862503906712,0.007493862503906712,45.33843242132807,0.0037105686865912383,363.33888579101404,0.0,30.9511623628434,35.70708229202412,1649.8985374987851,0.29862044765776496,0.12749957258093822,1173106.1250877557,0.021641986752806854,35.71407614874336,1650.2216989903402,0.0,0.0,0.0,0.0,384,0,0.0,1.0,1.0,1.0,1.0,0,0,1.0,6.602150506296312e-07,1.0563440810074098e-05,1.0,0.00841310248997887,0.021641986752806854,1.0,nan
sample_001147,0.04040595241328059,0.01_to_0.1_si,0.00146484375,0.0029254022428083864,0.00146484375,1.0,132,90112,682.6666666666666,0.0018939122200381652,0.00378066419395953,0.0018939122200381652,1.0,132,69697,528.0075757575758,0.0037595754280002427,0.004873877312205114,3.2917578836997605,0.03270249125533596,-0.03270249125533596,0.19065162211001807,0.003720659394006759,365.2645740284315,0.0,30.49048904467451,35.10901239750011,19.06434632750668,0.3095390709347504,0.12326427515278165,363.4493008951176,1.841605885371671,35.71407614874336,19.392898574243848,0.0,0.0,0.0,0.0,132,0,0.0,0.0,0.0,0.0,0.0,132,0,0.0,5.425603831099579e-05,0.0014806305580187837,1.0,0.7643130584446364,1.841605885371671,1.0,nan
sample_001148,0.0016708205756103245,0.001_to_below_0.01_si,0.0023082386363636365,0.004605845881310895,0.0023082386363636365,1.0,208,90112,433.2307692307692,0.0029843465285449874,0.005950933409627351,0.0029843465285449874,1.0,208,69697,335.0817307692308,0.0037224721283391307,0.004727631529559176,61.513118788105636,0.005929540977096901,0.005929540977096901,4.5488796663605,0.0037177923216136616,364.70055558101376,0.0,30.930575424300656,35.677989774602594,440.66772661919146,0.39132114654507,0.12729189543566471,194188.04528372653,0.08096347342775607,35.71407614874336,441.11343840270297,0.0,0.0,0.0,0.0,208,0,0.0,0.0,0.0,0.0,0.0,208,0,0.0,3.5352647766255054e-06,7.685566303091298e-05,1.0,0.037696274241042334,0.08096347342775607,1.0,nan
sample_001149,0.012894404475054771,0.01_to_0.1_si,0.0026633522727272725,0.005312555339118116,0.0026633522727272725,1.0,240,90112,375.46666666666664,0.003443476763705755,0.00686331984500336,0.003443476763705755,1.0,240,69697,290.40416666666664,0.0037364469524198882,0.004746887776580323,7.450538465842839,0.008585223805857823,-0.008585223805857823,0.33418995360578607,0.0037245801466111806,365.2472274972788,0.0,30.678816449125218,35.30511954200344,19.589007711332407,0.21873447171285207,0.1246451465875153,383.7292231146406,1.802292390827899,35.71407614874336,19.815916845955158,0.0,0.0,0.0,0.0,240,0,0.0,0.0,0.0,0.0,0.0,240,0,0.0,3.1480478810408385e-05,0.0006371200951907742,1.0,0.6046850800576963,1.802292390827899,1.0,nan
sample_001150,0.0012142055357627494,0.001_to_below_0.01_si,0.0006653950228452291,0.0013299051334338151,0.0006658380681818181,0.5,120,90112,750.9333333333333,0.0,0.0,0.0,0.0,120,69697,580.8083333333333,0.0037263413321836775,0.004732730410407656,111.56154891333335,0.000743884202334281,-0.000743884202334281,0.3873490196331249,0.003729986476561396,366.2249922147041,0.0,30.939432376814832,35.68709965624956,89.30952304510487,0.06544660483818822,0.12735690818750872,7976.19090654412,0.3995889625144023,35.71407614874336,89.3770336498124,0.0,0.0,0.0,0.0,120,0,0.0,0.0,0.0,0.0,0.0,120,0,0.0,1.4821844729340228e-06,4.2422595029442204e-05,1.0,0.08306796344132789,0.3995889625144023,1.0,nan
sample_001151,0.006206138646593184,0.001_to_below_0.01_si,0.004616477272727273,0.009190526687875575,0.004616477272727273,1.0,416,90112,216.6153846153846,0.005968693057089975,0.011866558270220928,0.005968693057089975,1.0,416,69697,167.5408653846154,0.0037136387844268017,0.004724011309274702,11.701145860415062,0.0017423355166101828,-0.0015410056322042902,0.7516965459347337,0.003722016339994509,364.3407354893825,0.0,30.60180744012116,35.368473087024725,30.253102955787195,0.26977727162445797,0.12509288885075923,915.2502384534602,1.169085800511547,35.71407614874336,30.548721174370822,0.0,0.0,0.0,0.0,416,0,0.0,0.0,0.0,0.0,0.0,416,0,0.0,2.626295599839068e-05,0.0004037221111187077,1.0,0.46154508628545593,1.169085800511547,1.0,nan
sample_001152,0.00021139407569741218,0.0001_to_below_0.001_si,0.0008877840909090909,0.0017739932588256165,0.0008877840909090909,1.0,80,90112,1126.4,0.0,0.0,0.0,0.0,0,69697,,0.0037258353601797114,0.004732521847367602,784.7664441971547,0.004453404151718132,0.004453404151718132,22.066835571825766,0.003725242780939169,365.9082469149689,0.0,30.954203654309058,35.711707184284315,3757.695007039276,0.21666878861492567,0.12753260300160638,1173410.0334696872,0.009503620468767607,35.71407614874336,3757.9442767220085,0.0,0.0,0.0,0.0,80,0,0.0,1.0,1.0,1.0,1.0,0,0,1.0,1.7203293604476735e-07,6.03048446115601e-06,1.0,0.0031038706258648746,0.009503620468767607,1.0,nan
sample_001153,0.00020081522808624438,0.0001_to_below_0.001_si,0.003329190340909091,0.006636287218510817,0.003329190340909091,1.0,300,90112,300.37333333333333,0.0,0.0,0.0,0.0,0,69697,,0.003725394553692104,0.0047322586521745345,426.5763864549073,0.0032118106472383565,0.0032118106472383565,16.993860474184977,0.003726966685155474,365.25764301197705,0.0,30.948457803121478,35.70340859966815,680.396991299743,0.1905644051094346,0.12747333856348578,462940.0657697426,0.052474377541653947,35.71407614874336,680.6002819260442,0.0,0.0,0.0,0.0,300,0,0.0,1.0,1.0,1.0,1.0,0,0,1.0,6.128394236526447e-07,1.1093578553426957e-05,1.0,0.015271601590208841,0.052474377541653947,1.0,nan
sample_001154,0.02255134951955821,0.01_to_0.1_si,0.0031926214969847464,0.006364922206506365,0.0031960227272727275,0.75,384,90112,234.66666666666666,0.002747213438452403,0.005479373867382029,0.002754781410964604,0.5,384,69697,181.50260416666666,0.0037937905122826625,0.004891516383637614,3.470491172924016,0.01995191440113575,-0.01995191440113575,0.11526741682166985,0.0037304253205616695,365.2832473893987,0.0,30.365890675783675,34.93713370834511,21.630158215966993,0.43423424934625826,0.12206033117547839,467.86374444776465,1.6152047229388795,35.71407614874336,22.111176150947156,0.0,0.0,0.0,0.0,384,0,0.0,0.0,0.0,0.0,0.0,384,0,0.0,8.809121209196746e-05,0.0014094593934714794,1.0,0.7868638635721561,1.6152047229388795,1.0,nan
sample_001155,0.006254925049055406,0.001_to_below_0.01_si,0.0018310546875,0.0036554161082003166,0.0018310546875,1.0,165,90112,546.1333333333333,0.0023673902750477064,0.004723597950244769,0.0023673902750477064,1.0,165,69697,422.4060606060606,0.0037247100618919746,0.0047318301911129105,18.465057828259724,0.0027409992858090184,-0.0027409992858090184,0.5617854222329582,0.0037263639637867734,365.70163304207017,0.0,30.835734659635015,35.582471479437025,32.0945269993356,0.11704035183641474,0.12661122765849495,1030.0586633110813,1.1086772358468981,35.71407614874336,32.213231221855146,0.0,0.0,0.0,0.0,165,0,0.0,0.0,0.0,0.0,0.0,165,0,0.0,1.049868380675889e-05,0.0002562586174992155,1.0,0.3161808429501867,1.1086772358468981,1.0,nan
sample_001156,0.003664323803548906,0.001_to_below_0.01_si,0.0019975142045454545,0.003987064191733487,0.0019975142045454545,1.0,180,90112,500.6222222222222,0.0025826075727793164,0.0051519097843353324,0.0025826075727793164,1.0,180,69697,387.2055555555556,0.0037206551610786307,0.004728668722915343,30.15743395163675,0.0017426743909406165,0.0010013828868977726,1.2732790370355451,0.0037242835959021684,365.4416035643044,0.0,30.88275678808131,35.62562903992234,102.6116494198788,0.22768312898174106,0.12691854444901574,10529.150596668116,0.3471889326536898,35.71407614874336,102.86640151737511,0.0,0.0,0.0,0.0,180,0,0.0,0.0,0.0,0.0,0.0,180,0,0.0,6.709577320407334e-06,0.00015679943892105234,1.0,0.1258595960331394,0.3471889326536898,1.0,nan
sample_001157,0.003590291747030791,0.001_to_below_0.01_si,0.018643465909090908,0.03660449712393237,0.018643465909090908,1.0,1680,90112,53.63809523809524,0.024104337345940283,0.047073987418916455,0.024104337345940283,1.0,1680,69697,41.486309523809524,0.003667501855587063,0.004664506512647582,9.938181106206269,0.0035928614226923812,0.003425979329871812,1.9542342212066333,0.003668799627644348,354.49409522150745,0.0,30.440613848847132,35.033872264242575,18.087136233838084,0.32882481825561155,0.12273722058272654,327.14449714141847,1.9369496536825943,35.71407614874336,18.438308956994597,0.0,0.0,0.0,0.0,1680,0,0.0,0.0,0.0,0.0,0.0,1680,0,0.0,6.135752641966974e-05,0.0004693521342385932,1.0,0.8489888437262612,1.9369496536825943,1.0,nan
sample_001158,0.0027767240571660097,0.001_to_below_0.01_si,0.01009854403409091,0.019995166003823252,0.01009854403409091,1.0,910,90112,99.02417582417583,0.01305651606238432,0.025776481085444787,0.01305651606238432,1.0,910,69697,76.59010989010989,0.0037003032621676,0.004702187690497983,17.600788997117107,0.004209232205207777,0.004209232205207777,2.5158986359595974,0.003695548088972469,359.92421057738466,0.0,30.743507185821986,35.42821864620689,38.794969496862215,0.27942747633297293,0.12551586764434422,1505.0496582624694,0.9132168192340602,35.71407614874336,39.10799209622281,0.0,0.0,0.0,0.0,910,0,0.0,0.0,0.0,0.0,0.0,910,0,0.0,2.570413094815649e-05,0.0002671577786239107,1.0,0.3539553087285956,0.9132168192340602,1.0,nan
sample_001159,0.0030418787485343847,0.001_to_below_0.01_si,0.008522727272727272,0.016901408450704224,0.008522727272727272,1.0,768,90112,117.33333333333333,0.011019125643858416,0.021798055772369263,0.011019125643858416,1.0,768,69697,90.75130208333333,0.003705536677414245,0.004724092360483971,17.570392266497258,0.0006108526849857299,0.00018922548648940088,1.0622067802220525,0.0037299042679058082,363.7999426744609,0.0,30.688487142615195,35.410563296968476,24.0514738519666,0.19895166691815588,0.12539079930086108,578.4733944518332,1.4722824686302158,35.71407614874336,24.257625088731153,0.0,0.0,0.0,0.0,768,0,0.0,0.0,0.0,0.0,0.0,768,0,0.0,2.37646781897638e-05,0.0002688666416111685,1.0,0.5426183071543808,1.4722824686302158,1.0,nan
sample_001160,0.028378877384227418,0.01_to_0.1_si,0.00943042383325296,0.018684643558575294,0.009475100942126514,0.6666666666666666,528,37150,70.35984848484848,0.009431434542629012,0.018686627382279556,0.009476121251278738,0.6666666666666666,528,37146,70.35227272727273,0.03773377112486204,0.061338615944562865,29.492214781937644,0.057207041730483375,0.038287789871295295,2.3491650429683326,0.037628613551635805,3679.1753186247424,0.3778076171875,520.5000861165007,575.7125441367416,31.27247803941053,0.06334565683559977,33.144493347639965,977.967882725414,18.409559466672615,576.9946477695079,31.342121402419153,0.0,0.0,0.0,0.0,528,0,0.0,0.0,0.0,0.0,0.0,528,0,0.0,0.00015242561312334146,0.0020798239941657304,1.0,5.846665155890755,18.409559466672615,1.0,nan
sample_001161,0.001169127423239794,0.001_to_below_0.01_si,0.002130681818181818,0.004252303330970942,0.002130681818181818,1.0,192,90112,469.3333333333333,0.002754781410964604,0.005494426876904806,0.002754781410964604,1.0,192,69697,363.0052083333333,0.00372372394113892,0.004729719247070569,91.53949225333764,0.005565666540254218,0.005565666540254218,5.760530360044269,0.0037201193567962284,364.98835033399155,0.0,30.931720655529812,35.685233437345566,358.16855873299124,0.25146635119750466,0.1273435885477846,128284.71646486834,0.0996325125901079,35.71407614874336,358.4580496897883,0.0,0.0,0.0,0.0,192,0,0.0,0.0,0.0,0.0,0.0,192,0,0.0,2.283451976836659e-06,5.166862007472092e-05,1.0,0.03816945149058431,0.0996325125901079,1.0,nan
sample_001162,0.0042280958365912835,0.001_to_below_0.01_si,0.0034939050766995355,0.006963480413829693,0.0034956498579545455,0.875,360,90112,250.3111111111111,0.003222018558826899,0.006423340993762222,0.0032282594659741454,0.625,360,69697,193.6027777777778,0.00372276269750913,0.004728250326884532,18.479489401636158,0.00258366111586336,-0.0007584166601615847,0.8206245406883484,0.0037269495447830063,365.0323462142268,0.0,30.83898031187668,35.569706887199125,128.10269510970897,0.44712286344561497,0.1265204048041261,16410.30049437105,0.27766556243595597,35.71407614874336,128.62263449390082,0.0,0.0,0.0,0.0,360,0,0.0,0.0,0.0,0.0,0.0,360,0,0.0,1.5483749962186266e-05,0.0002558647711589851,1.0,0.13746758318053962,0.27766556243595597,1.0,nan
sample_001163,0.0020595888481966065,0.001_to_below_0.01_si,0.0031960227272727275,0.006371681415929204,0.0031960227272727275,1.0,288,90112,312.8888888888889,0.0034411068893827512,0.00685861255983425,0.003443476763705755,0.8333333333333334,288,69697,242.00347222222223,0.003721068206763989,0.0047300018211685205,42.42971501829555,0.0014498385591852842,0.0010761585933020494,1.5225113562686017,0.0037277417512720555,365.3783354926818,0.0,30.864347368850314,35.60921341118323,43.29380022514853,0.12637046116549122,0.12680160797631912,1874.3531379350707,0.8225014488448285,35.71407614874336,43.42129269061155,0.0,0.0,0.0,0.0,288,0,0.0,0.0,0.0,0.0,0.0,288,0,0.0,6.0339518768159905e-06,0.00011147851969142271,1.0,0.1947926921113113,0.8225014488448285,1.0,nan
sample_001164,0.00013270035766540744,0.0001_to_below_0.001_si,0.004327947443181818,0.008618594064219576,0.004327947443181818,1.0,390,90112,231.05641025641026,0.0,0.0,0.0,0.0,0,69697,,0.0037254809329647274,0.00473233596493397,566.1829328728264,0.0030943657127537358,0.0030943657127537358,24.318443259608916,0.003727994719919425,365.0228750061906,0.0,30.948950177387836,35.70606202403322,788.7636196044646,0.15949322878743694,0.1274922865264108,622148.0476115368,0.04526839364363492,35.71407614874336,788.9406553697103,0.0,0.0,0.0,0.0,390,0,0.0,1.0,1.0,1.0,1.0,0,0,1.0,5.264601510290845e-07,8.358316173399948e-06,1.0,0.015633104750889023,0.04526839364363492,1.0,nan
sample_001165,0.00109247454444412,0.001_to_below_0.01_si,0.002596768465909091,0.005180085449272796,0.002596768465909091,1.0,234,90112,385.0940170940171,0.003357389844613111,0.006692310992263803,0.003357389844613111,1.0,234,69697,297.85042735042737,0.003723406898256306,0.004728870517656003,88.72045428357775,0.006397689960331807,0.006397689960331807,6.856145492080142,0.0037170259230699526,364.52873227547025,0.0,30.932486146055453,35.68196271964418,384.35163362444825,0.30918462647256023,0.12732024635260772,147726.1782697822,0.09283676612263128,35.71407614874336,384.6975464609291,0.0,0.0,0.0,0.0,234,0,0.0,0.0,0.0,0.0,0.0,234,0,0.0,2.600494859450464e-06,5.3300792425398053e-05,1.0,0.03779975814016366,0.09283676612263128,1.0,nan
sample_001166,0.0004881115885777458,0.0001_to_below_0.001_si,0.0046565257882832944,0.009269886112827757,0.004660866477272727,0.8333333333333334,504,90112,178.79365079365078,0.0,0.0,0.0,0.0,0,69697,,0.0037243354667550973,0.004731475280382296,135.37790711430637,0.0022103027200056123,0.002048296401206637,5.196369247334479,0.0037321378441003096,365.00308115301027,0.0,30.920585718349987,35.67412687163199,93.9246556818736,0.10151354387043622,0.12726433280532956,8821.840944958509,0.3798164242673577,35.71407614874336,94.02983617054896,0.0,0.0,0.0,0.0,504,0,0.0,1.0,1.0,1.0,1.0,0,0,1.0,2.502525163095015e-06,3.495012872659692e-05,1.0,0.09742453884261475,0.3798164242673577,1.0,nan
sample_001167,0.00016906760468704578,0.0001_to_below_0.001_si,0.004268813269910965,0.008501335924216662,0.0042724609375,0.8333333333333334,462,90112,195.04761904761904,0.0,0.0,0.0,0.0,0,69697,,0.003725477208847252,0.0047321691409882025,408.28599093409554,0.003059491848702209,0.0030032364442969675,18.763524445797827,0.003728621924167738,364.81582630441983,0.0,30.94954836522528,35.70688634657479,2584.039605453349,0.432330416790168,0.12749817325672091,1173093.250097063,0.013818242673687772,35.71407614874336,2584.5599177925055,0.0,0.0,0.0,0.0,462,0,0.0,1.0,1.0,1.0,1.0,0,0,1.0,7.945681881338373e-07,1.1590329440796436e-05,1.0,0.006894701388073383,0.013818242673687772,1.0,nan
sample_001168,0.08879225996161709,0.01_to_0.1_si,0.003843289856116836,0.00765715106123328,0.0038655746418303494,0.4,400,41391,103.4775,0.003923780562572038,0.007816889366587684,0.003947011372326516,0.4,400,40537,101.3425,0.03997157413419733,0.06306507448253654,11.134466595936896,0.0577584519982338,-0.04879225641489029,0.4504897379860449,0.03989890344509765,3906.2622428888403,0.3921712239583333,536.4081732312738,598.5517025135787,25.578478856997368,0.14668135779865446,35.82641405819036,654.2585806378615,23.400598051976655,602.5002571675107,25.74721619632355,0.0,0.0,0.0,0.0,400,0,0.0,0.0,0.0,0.0,0.0,400,0,0.0,0.00036129661869684543,0.0056639511142410745,1.0,7.582989579575732,23.400598051976655,1.0,nan
sample_001169,0.00289552808184631,0.001_to_below_0.01_si,0.0012428977272727273,0.002482709700301472,0.0012428977272727273,1.0,112,90112,804.5714285714286,0.0016069558230626857,0.0032087553180821958,0.0016069558230626857,1.0,112,69697,622.2946428571429,0.0037227084517266564,0.004730951968948211,48.405794830441586,0.001041691336597848,0.001041691336597848,1.359758683740343,0.003725766480047644,365.8404622088383,0.0,30.919422005206865,35.67034288018451,76.7836963188832,0.08646135766838736,0.12723733611899302,5895.736020390477,0.46455620906872397,35.71407614874336,76.87783620487572,0.0,0.0,0.0,0.0,112,0,0.0,0.0,0.0,0.0,0.0,112,0,0.0,3.2989413890997335e-06,9.773523987200367e-05,1.0,0.12520897880054999,0.46455620906872397,1.0,nan
sample_001170,0.0042939793112377915,0.001_to_below_0.01_si,0.0026633522727272725,0.005312555339118116,0.0026633522727272725,1.0,240,90112,375.46666666666664,0.003443476763705755,0.00686331984500336,0.003443476763705755,1.0,240,69697,290.40416666666664,0.0037192270460088737,0.004729610660282825,22.291815214134704,0.0007583744853036478,-0.0007583744853036478,0.8233865466992002,0.0037264733812039427,365.4328856543834,0.0,30.824067545408926,35.56978861520359,49.74084408386989,0.1858537870808272,0.1265209862130267,2474.1515701758544,0.7151022317841661,35.71407614874336,49.94261598042763,0.0,0.0,0.0,0.0,240,0,0.0,0.0,0.0,0.0,0.0,240,0,0.0,1.0483347523404518e-05,0.00021216803633307914,1.0,0.23313350787253406,0.7151022317841661,1.0,nan
sample_001171,0.07637421116748525,0.01_to_0.1_si,0.005647252098467541,0.011231079459887178,0.00569549796774277,0.4,550,38627,70.2309090909091,0.0056485570504262094,0.011233660130718954,0.005696825314620125,0.4,550,38618,70.21454545454546,0.039364120327494596,0.06265917575148644,10.968372579348722,0.05527484267950058,-0.03637420982122421,0.523737009882084,0.03927460074472965,3839.249321200303,0.3927205403645833,534.505102844641,593.2049224371996,20.87987378051078,0.09164609114585315,35.189208000372396,435.9691290900617,28.41036917526271,596.3439684623719,20.990363229127507,0.0,0.0,0.0,0.0,550,0,0.0,0.0,0.0,0.0,0.0,550,0,0.0,0.00042730525440977846,0.005712714014607926,1.0,9.460998579497623,28.41036917526271,1.0,nan
sample_001172,0.02654968269372322,0.01_to_0.1_si,0.004993785511363636,0.009937943066628388,0.004993785511363636,1.0,450,90112,200.2488888888889,0.006456518931948291,0.01283019943832238,0.006456518931948291,1.0,450,69697,154.88222222222223,0.0037850784529199766,0.00489557448328504,2.7253587381537168,0.019726975969452824,-0.019726975969452824,0.2569788235601249,0.0037117666426471235,363.2112130495916,0.0,29.708140488843,34.48041223502111,7.389533897411102,0.2822571960833628,0.11888988278969935,54.60521122098774,4.666114631005509,35.71407614874336,7.653921725675066,0.0,0.0,0.0,0.0,450,0,0.0,0.0,0.0,0.0,0.0,450,0,0.0,0.000121534799291112,0.0017963046166177446,1.0,1.8402930086626768,4.666114631005509,1.0,nan
sample_001173,0.0009735364450347019,0.0001_to_below_0.001_si,0.004971590909090909,0.009893992932862191,0.004971590909090909,1.0,448,90112,201.14285714285714,0.0,0.0,0.0,0.0,0,69697,,0.003721570703527003,0.004728768692967527,71.95192850815401,0.0036918332490521216,0.0036918332490521216,4.792187973501418,0.003721706846222441,364.1913451439432,0.0,30.90189405566753,35.65440366003753,183.713358767672,0.27086302748948093,0.12712365003528978,33750.598189699376,0.19407627131311056,35.71407614874336,184.02082803376047,0.0,0.0,0.0,0.0,448,0,0.0,1.0,1.0,1.0,1.0,0,0,1.0,4.436689588753022e-06,6.57212223635066e-05,1.0,0.07839977486063109,0.19407627131311056,1.0,nan
sample_001174,0.07211529980392285,0.01_to_0.1_si,0.002840909090909091,0.0056657223796034,0.002840909090909091,1.0,256,90112,352.0,0.0036730418812861384,0.00731920003430875,0.0036730418812861384,1.0,256,69697,272.25390625,0.0038777877938948025,0.005784496662704556,1.5718234363725476,0.06556503008414438,-0.06556503008414438,0.0908305423713247,0.003716724498097806,364.4174035894937,0.0,29.18630140925842,34.274952477410295,4.1889361272967545,0.24403270978682987,0.11747723673287339,17.547185878571934,8.182257125875285,35.69158877826056,4.362071275588581,0.0,0.0,0.0,0.0,256,0,0.0,0.0,0.0,0.0,0.0,256,0,0.0,0.00018780026584863663,0.003680118599105515,1.0,2.9450798575936536,8.182257125875285,1.0,nan
sample_001175,0.005395482088947479,0.001_to_below_0.01_si,0.004188922626831269,0.008342897501544981,0.004194779829545455,0.75,504,90112,178.79365079365078,0.005413688899073371,0.01076907736357032,0.005423475902836564,0.75,504,69697,138.2876984126984,0.0037183979521768448,0.004721896893943004,12.222401743224857,0.0030575832637093335,-0.0008536956931338625,0.8417758327106662,0.003721803377565266,363.99237032588303,0.0,30.749264943352873,35.44758231090673,62.82899866555004,0.4128373338954473,0.12565310916885078,3947.4830733156914,0.5641914253575887,35.71407614874336,63.30134515268025,0.0,0.0,0.0,0.0,504,0,0.0,0.0,0.0,0.0,0.0,504,0,0.0,2.766238480944594e-05,0.00038633134412886127,1.0,0.2681410983532609,0.5641914253575887,1.0,nan
sample_001176,0.08096259941888086,0.01_to_0.1_si,0.0039001560062402497,0.00777000777000777,0.003915426781519186,0.5,280,35756,127.7,0.003901025412394115,0.007771733096480515,0.003916303009958599,0.5,280,35748,127.67142857142858,0.03635430632420326,0.06025640074241307,13.945218659891154,0.05000000074505806,-0.030962597578763962,0.6175691217946783,0.036315328171528,3559.773728685861,0.3634440104166667,500.64158672940005,554.3399902694047,31.184823943928098,0.11951661505872731,30.729282481188367,972.493244413792,17.77595381863101,556.7140902860599,31.318380772488666,0.0,0.0,0.0,0.0,280,0,0.0,0.0,0.0,0.0,0.0,280,0,0.0,0.00023060635915802172,0.004320936244314413,1.0,5.558603576196049,17.77595381863101,1.0,nan
sample_001177,0.005887081563220957,0.001_to_below_0.01_si,0.003606622869318182,0.007187323772349812,0.003606622869318182,1.0,325,90112,277.2676923076923,0.004663041450851543,0.00928279683528034,0.004663041450851543,1.0,325,69697,214.4523076923077,0.003720596908933005,0.004728893643770797,13.97022566628427,0.0022291802865667984,-0.0020213711340553485,0.6566429095745205,0.0037255439935355117,365.0250749426159,0.0,30.7570957680128,35.47990961802852,26.280864613934565,0.16574808916604114,0.12588239865034728,690.6838448559581,1.3500282482797945,35.71407614874336,26.4543176739081,0.0,0.0,0.0,0.0,325,0,0.0,0.0,0.0,0.0,0.0,325,0,0.0,1.94631088135111e-05,0.0003384980140430728,1.0,0.44437921420606274,1.3500282482797945,1.0,nan
sample_001178,0.0006356513613675872,0.0001_to_below_0.001_si,0.003107244318181818,0.006195238516682892,0.003107244318181818,1.0,280,90112,321.8285714285714,0.0,0.0,0.0,0.0,0,69697,,0.0037241968627471644,0.004730779568235078,139.45057827060413,0.004668653432080256,0.004668653432080256,8.344676368616245,0.0037214990760886598,364.7962254345148,0.0,30.9389137911774,35.691048285612055,406.65098414603835,0.22763481998901874,0.1273850927725891,165365.02290694154,0.08776825749128034,35.71407614874336,406.91335534707986,0.0,0.0,0.0,0.0,280,0,0.0,1.0,1.0,1.0,1.0,0,0,1.0,1.8105303685918746e-06,3.392441700065943e-05,1.0,0.03219493793294729,0.08776825749128034,1.0,nan
sample_001179,0.0039846291322071575,0.001_to_below_0.01_si,0.0079345703125,0.01574421702797626,0.0079345703125,1.0,715,90112,126.03076923076924,0.010258691191873394,0.020309038232119526,0.010258691191873394,1.0,715,69697,97.47832167832168,0.0037001145103741453,0.004705864121279235,13.847904069679265,0.0028001965424111048,0.0023755309253383973,1.5961736513185363,0.00370670789023349,361.73391629999605,0.0,30.68574653007382,35.36005561272468,30.89615768838009,0.2911961438489215,0.1250333532934982,954.5725599052492,1.1444806816875945,35.71407614874336,31.205486226365263,0.0,0.0,0.0,0.0,715,0,0.0,0.0,0.0,0.0,0.0,715,0,0.0,2.8981627006411752e-05,0.0003398250087233758,1.0,0.44401768526002255,1.1444806816875945,1.0,nan
sample_001180,0.0054540184607583565,0.001_to_below_0.01_si,0.0028852982954545455,0.0057539946000973756,0.0028852982954545455,1.0,260,90112,346.5846153846154,0.0037304331606812344,0.007433137498749231,0.0037304331606812344,1.0,260,69697,268.06538461538463,0.0037191917122581333,0.00472803096521448,16.856315311455578,0.001677073846356227,-0.001199987896073323,0.7799809531496805,0.0037246071445654087,365.17538288177093,0.0,30.776879597809423,35.52256713890144,39.69629922280665,0.19782208657608105,0.12618527761377604,1575.7961719866003,0.8948584083246912,35.71407614874336,39.91030962720175,0.0,0.0,0.0,0.0,260,0,0.0,0.0,0.0,0.0,0.0,260,0,0.0,1.4425097087193231e-05,0.0002804901829287267,1.0,0.30125895627444305,0.8948584083246912,1.0,nan
sample_001181,0.014506697101733683,0.01_to_0.1_si,0.008377845253662537,0.016616480207486208,0.00838955965909091,0.8571428571428571,882,90112,102.16780045351474,0.0071922939707456295,0.014281868544467901,0.007231301203782086,0.5714285714285714,882,69697,79.02154195011337,0.003805431468310671,0.0048528870415791665,3.531693068900282,0.01167948457936566,-0.01167948457936566,0.19489013921929976,0.0037341445429349804,363.78782966181166,0.0,30.098670886009447,34.57623249311668,16.336930119046123,0.49297340300343173,0.11955158534180578,266.89528571459647,2.1164461279543936,35.71407614874336,16.874550066276456,0.0,0.0,0.0,0.0,882,0,0.0,0.0,0.0,0.0,0.0,882,0,0.0,0.00013015651967407393,0.00137409648769118,1.0,1.104588144958573,2.1164461279543936,1.0,nan
sample_001182,0.00011565610600511154,0.0001_to_below_0.001_si,0.004794034090909091,0.009542321965011487,0.004794034090909091,1.0,432,90112,208.59259259259258,0.0,0.0,0.0,0.0,0,69697,,0.003725499138749163,0.004732314225574563,617.2324269754247,0.0034185192203882186,0.0034185192203882186,30.55762021959424,0.0037268541261279015,364.75466703239,0.0,30.95064701685946,35.70566525235433,813.390767536062,0.17644731515715406,0.12748945311131832,661604.5407129043,0.04389730825260602,35.71407614874336,813.5823714572099,0.0,0.0,0.0,0.0,432,0,0.0,1.0,1.0,1.0,1.0,0,0,1.0,5.082543665935191e-07,7.66698899596695e-06,1.0,0.013408727144761778,0.04389730825260602,1.0,nan
sample_001183,0.01028479404983488,0.01_to_0.1_si,0.0034956498579545455,0.006966945713116657,0.0034956498579545455,1.0,315,90112,286.0698412698413,0.004519563252363803,0.008998457407301605,0.004519563252363803,1.0,315,69697,221.26031746031745,0.003712595054304028,0.004718091618288942,8.10403055243652,0.003049561446384778,-0.003049561446384778,0.7034883440779768,0.003714726472998928,364.00233236269196,0.0,30.64355033200978,35.38132124453262,42.21241310991271,0.3307102397047142,0.1251837893008815,1781.88782056193,0.8381733864019267,35.71407614874336,42.60941319319998,0.0,0.0,0.0,0.0,315,0,0.0,0.0,0.0,0.0,0.0,315,0,0.0,3.2956037046005804e-05,0.0005821907491291992,1.0,0.36127501579956994,0.8381733864019267,1.0,nan
sample_001184,0.00042809997982191456,0.0001_to_below_0.001_si,0.011186079545454546,0.02212467076382792,0.011186079545454546,1.0,1008,90112,89.39682539682539,0.0,0.0,0.0,0.0,0,69697,,0.003721617696147169,0.004727411225356441,109.0519692529312,0.005471396375454903,0.005471396375454903,13.780651122839858,0.0037034897473235562,360.33473845559274,0.0,30.914525555729124,35.65553889855137,194.3473727007185,0.29034650098530945,0.127131745414611,37770.901275672,0.1834629323930117,35.71407614874336,194.666441241859,0.0,0.0,0.0,0.0,1008,0,0.0,1.0,1.0,1.0,1.0,0,0,1.0,4.3896969685874865e-06,4.335007664457529e-05,1.0,0.0724211679808876,0.1834629323930117,1.0,nan
sample_001185,0.0005722425446609346,0.0001_to_below_0.001_si,0.0034603611197373675,0.006896856624961316,0.0034623579545454545,0.8571428571428571,364,90112,247.56043956043956,0.0,0.0,0.0,0.0,0,69697,,0.003724890772067073,0.004730750442181614,135.85786987509928,0.004310371958203768,0.004039690723475529,8.059403019445723,0.003722714795430829,364.6026870644954,0.0,30.939138723228144,35.69338063960004,829.8275406344663,0.41061585228665487,0.12740174214833752,688613.7471954473,0.04301301040492067,35.71407614874336,830.3086859658092,0.0,0.0,0.0,0.0,364,0,0.0,1.0,1.0,1.0,1.0,0,0,1.0,2.1188993836555405e-06,3.482132059431533e-05,1.0,0.020311330525796326,0.04301301040492067,1.0,nan
sample_001186,0.00016038632834886998,0.0001_to_below_0.001_si,0.006829268292682927,0.013565891472868217,0.0068359375,0.875,704,90112,128.0,0.0,0.0,0.0,0.0,0,69697,,0.003725145403281662,0.004732069399511409,348.644652017253,0.0025067829746289487,0.0024667617657980353,16.38012430771688,0.0037339335912916155,364.4319185100617,0.0,30.948905100545918,35.705304570328,1996.2834011651037,0.42133268555925063,0.12748687744598858,1172989.3188878072,0.017885889623431763,35.71407614874336,1996.773820070735,0.0,0.0,0.0,0.0,704,0,0.0,1.0,1.0,1.0,1.0,0,0,1.0,1.1486000535872638e-06,1.3572757740959788e-05,1.0,0.008513907275966263,0.017885889623431763,1.0,nan
sample_001187,0.012533302878008731,0.01_to_0.1_si,0.002926829268292683,0.005836575875486381,0.0029296875,0.75,352,90112,256.0,0.0037830479329368774,0.007537580836271753,0.0037878244400763304,0.75,352,69697,198.0028409090909,0.003738359475500179,0.004749015061143174,6.332165992806717,0.007991451076941254,-0.007991451076941254,0.3623826498514722,0.0037230755788599133,364.6826991004862,0.0,30.642001918518048,35.27436297808615,37.41525801870606,0.42335423672182754,0.1244280683509775,1399.9015326063482,0.9427801609827319,35.71407614874336,37.88165855284422,0.0,0.0,0.0,0.0,352,0,0.0,0.0,0.0,0.0,0.0,352,0,0.0,4.487836152596477e-05,0.0007499827178469429,1.0,0.4509961694361296,0.9427801609827319,1.0,nan
sample_001188,0.00015123988004579595,0.0001_to_below_0.001_si,0.0031960227272727275,0.006371681415929204,0.0031960227272727275,1.0,288,90112,312.8888888888889,0.0,0.0,0.0,0.0,0,69697,,0.0037255643075475207,0.004732394831300278,578.1013926049286,0.0030511210570693947,0.0030511210570693947,21.174051837151964,0.003727546021309944,365.35915082471547,0.0,30.951436869017247,35.707092536360165,1018.9910026265277,0.1777632615925133,0.1274996457400188,1038342.6634338165,0.03504161709408855,35.71407614874336,1019.190297435453,0.0,0.0,0.0,0.0,288,0,0.0,1.0,1.0,1.0,1.0,0,0,1.0,4.430855682358015e-07,8.186098307039305e-06,1.0,0.011490752521215336,0.03504161709408855,1.0,nan
sample_001189,0.006380196600327692,0.001_to_below_0.01_si,0.0035912214586566174,0.007156741473758614,0.003595525568181818,0.75,432,90112,208.59259259259258,0.004641501325119977,0.009240114645866902,0.004648693631002769,0.75,432,69697,161.33564814814815,0.003719483874961771,0.0047246695714130635,11.170718213911158,0.00305789281353894,-0.0018378410495112764,0.711946018715166,0.003722404090534506,364.3191331487932,0.0,30.744688066424306,35.433411626825965,60.79741857851052,0.42643012931923124,0.12555266595160855,3696.3261058106173,0.5828111201969728,35.71407614874336,61.27898887151135,0.0,0.0,0.0,0.0,432,0,0.0,0.0,0.0,0.0,0.0,432,0,0.0,2.803797360684257e-05,0.00042295128038672693,1.0,0.28432430770056094,0.5828111201969728,1.0,nan
sample_001190,0.06934037603812422,0.01_to_0.1_si,0.0036004476232180216,0.007175061812187909,0.0036223016300357333,0.37373737373737376,396,40858,103.17676767676768,0.003659471354746186,0.007292256904239856,0.003682050006219679,0.37373737373737376,396,40195,101.50252525252525,0.040395384676301584,0.06342213254137045,14.410950872724852,0.05488393440692112,-0.03196664011538631,0.5389895322727641,0.04033678409521193,3949.29385719401,0.3978169759114583,545.9230687655473,605.3827938336823,35.51930697834927,0.13302159534040028,36.64883270698746,1261.621168222212,17.0437670476705,608.1674391808108,35.68268901351439,0.0,0.0,0.0,0.0,396,0,0.0,0.0,0.0,0.0,0.0,396,0,0.0,0.00027932525335927494,0.004400967923734147,1.0,5.664985907876809,17.0437670476705,1.0,nan
sample_001191,0.0029997842546341433,0.001_to_below_0.01_si,0.003750887784090909,0.007473742399115533,0.003750887784090909,1.0,338,90112,266.603550295858,0.004849563108885605,0.00965231669879346,0.004849563108885605,1.0,338,69697,206.2041420118343,0.0037158026241368805,0.00472483562522223,26.861108847222496,0.0021318254018334684,0.002099998634909252,1.7000499037432069,0.003721267625271341,364.5577041773322,0.0,30.874301224873207,35.609893200348544,172.83598157931698,0.4403853015439017,0.126806449374023,29872.276528486,0.2060328692842621,35.71407614874336,173.3416433640445,0.0,0.0,0.0,0.0,338,0,0.0,0.0,0.0,0.0,0.0,338,0,0.0,1.0314199390866937e-05,0.00017589875578464,1.0,0.10284718302402407,0.2060328692842621,1.0,nan
sample_001192,0.012607781987101893,0.01_to_0.1_si,0.0048828125,0.009718172983479106,0.0048828125,1.0,440,90112,204.8,0.006313040733460551,0.012546872549438955,0.006313040733460551,1.0,440,69697,158.40227272727273,0.003725502260089978,0.004732014693530975,5.610048878539677,0.006247463122814555,-0.006247463122814555,0.5044756445214722,0.0037141634349898514,363.4828904018468,0.0,30.31972874115677,35.05776763006862,14.79461977370041,0.2631360163486021,0.12290470712038866,218.88077424836726,2.369629511695116,35.71407614874336,15.071586495897105,0.0,0.0,0.0,0.0,440,0,0.0,0.0,0.0,0.0,0.0,440,0,0.0,5.6431316579619306e-05,0.0008434890311976629,1.0,0.8849185077348576,2.369629511695116,1.0,nan
sample_001193,0.029695565034200594,0.01_to_0.1_si,0.0031960227272727275,0.006371681415929204,0.0031960227272727275,1.0,288,90112,312.8888888888889,0.004132172116446906,0.0082303350718011,0.004132172116446906,1.0,288,69697,242.00347222222223,0.0037707054254039565,0.004870899812642788,3.0304488410145827,0.022476246617669757,-0.022476246617669757,0.2431109929120924,0.0037157430124981805,364.20226711302166,0.0,30.007379199934824,34.77906431174827,10.284958367150272,0.27324029371929826,0.12095833144007226,105.78036861401444,3.381546436087787,35.71407614874336,10.561462580434664,0.0,0.0,0.0,0.0,288,0,0.0,0.0,0.0,0.0,0.0,288,0,0.0,8.699872523720842e-05,0.0016073195979154102,1.0,1.3042170345038484,3.381546436087787,1.0,nan
sample_001194,0.005532265731891121,0.001_to_below_0.01_si,0.003329190340909091,0.006636287218510817,0.003329190340909091,1.0,300,90112,300.37333333333333,0.004304345954632194,0.008571795934111462,0.004304345954632194,1.0,300,69697,232.32333333333332,0.0037091242582256343,0.004714691263939978,15.426776973134489,0.002269008868994812,0.002269008868994812,1.4101409831558007,0.003713532594791175,363.9410484199143,0.0,30.80378165095697,35.52543158544477,67.87560689869956,0.31640190144105096,0.12620562893321172,4607.09801186679,0.5233902606346407,35.71407614874336,68.23603501035345,0.0,0.0,0.0,0.0,300,0,0.0,0.0,0.0,0.0,0.0,300,0,0.0,1.6883134890122165e-05,0.00030561738671341004,1.0,0.2188299344321543,0.5233902606346407,1.0,nan
sample_001195,0.0037092263436516544,0.001_to_below_0.01_si,0.005321979776476849,0.010587612493382742,0.005326704545454545,0.8571428571428571,560,90112,160.9142857142857,0.005725983079719999,0.01138676573152853,0.005739127939509592,0.7142857142857143,560,69697,124.45892857142857,0.0037178361003715014,0.004717742193883058,16.851650606182695,0.003762369543811315,0.0014875552376548537,1.401041911397253,0.0037175809570550193,363.3712330663858,0.0,30.801967198761783,35.501301440738814,76.48744598532019,0.4110796047343288,0.12603424039862038,5850.329393357277,0.4641454683629046,35.71407614874336,76.94586844661241,0.0,0.0,0.0,0.0,560,0,0.0,0.0,0.0,0.0,0.0,560,0,0.0,2.1130033095081064e-05,0.0002799572756482478,1.0,0.21782317951084987,0.4641454683629046,1.0,nan
sample_001196,0.08464598191171153,0.01_to_0.1_si,0.0009987571022727273,0.001995521163610563,0.0009987571022727273,1.0,90,90112,1001.2444444444444,0.0012913037863896582,0.0025792769426970638,0.0012913037863896582,1.0,90,69697,774.4111111111112,0.003791296115133217,0.005284388277436945,2.0632541519484158,0.0779793369376825,-0.0779793369376825,0.07875911223570001,0.003723312694500421,365.6814329776644,0.0,30.09950230912143,34.96623235001349,10.212270742685918,0.2154725793688603,0.12226374047551301,104.29047372191883,3.4239429438410145,35.71407614874336,10.43068670667711,0.0,0.0,0.0,0.0,90,0,0.0,0.0,0.0,0.0,0.0,90,0,0.0,7.749570841042441e-05,0.002561191151582889,1.0,1.1312857714620121,3.4239429438410145,1.0,nan
sample_001197,0.0015600303817478837,0.001_to_below_0.01_si,0.004194779829545455,0.008354514310973588,0.004194779829545455,1.0,378,90112,238.39153439153438,0.005423475902836564,0.010788440956118445,0.005423475902836564,1.0,378,69697,184.38359788359787,0.0037200087411086344,0.0047281462920252286,48.87621224700814,0.0028011483816607367,0.0028011483816607367,2.7955729593782155,0.0037235555950174155,364.6329051976754,0.0,30.9014169995056,35.62262364220218,77.26601935226728,0.17865434244548842,0.1268971315153982,5970.037746544944,0.4610386809212124,35.71407614874336,77.46438124753917,0.0,0.0,0.0,0.0,378,0,0.0,0.0,0.0,0.0,0.0,378,0,0.0,5.998652007122018e-06,9.673716670453831e-05,1.0,0.12868494826932947,0.4610386809212124,1.0,nan
sample_001198,0.0014230738385200567,0.001_to_below_0.01_si,0.0010875355113636363,0.0021727081254849794,0.0010875355113636363,1.0,98,90112,919.5102040816327,0.00140608634517985,0.0028082240848198293,0.00140608634517985,1.0,98,69697,711.1938775510204,0.003724588720081301,0.004731933258021667,105.31342558813044,0.001804655474819699,0.001804655474819699,2.268139048295285,0.0037265046260140915,365.9651133023399,0.0,30.940637589340405,35.689901985057915,203.87698681882233,0.12145573720658503,0.1273769103703041,41565.82575432225,0.17505605974437008,35.71407614874336,204.015080659851,0.0,0.0,0.0,0.0,98,0,0.0,0.0,0.0,0.0,0.0,98,0,0.0,1.4186730344552718e-06,4.493190902865268e-05,1.0,0.043870617165096625,0.17505605974437008,1.0,nan
sample_001199,0.003458228222570656,0.001_to_below_0.01_si,0.003329190340909091,0.006636287218510817,0.003329190340909091,1.0,300,90112,300.37333333333333,0.004304345954632194,0.008571795934111462,0.004304345954632194,1.0,300,69697,232.32333333333332,0.0037162020734946197,0.00472131229571254,24.71348819479922,0.0036111034553808472,0.0033658823937488098,1.9732967877977146,0.0037165237908269133,364.23419759620083,0.0,30.86581062220309,35.61253249073507,146.99650180163138,0.34059440786934436,0.1268252470403661,21607.971541917017,0.24226789110120062,35.71407614874336,147.41563971357974,0.0,0.0,0.0,0.0,300,0,0.0,0.0,0.0,0.0,0.0,300,0,0.0,1.0553674911761846e-05,0.00019104192247155558,1.0,0.11100763885186411,0.24226789110120062,1.0,nan
