epoch,background_mse_component,background_prediction_mean,body_mse_component,body_prediction_mean,body_susceptibility_loss,depth_loss,depth_profile_loss,loss,prediction_fraction_above_1e_4,prediction_maximum,prediction_mean,prediction_minimum,prediction_standard_deviation,sensitivity_loss,susceptibility_amplitude_loss,susceptibility_loss,tversky_loss,val_background_mse_component,val_background_prediction_mean,val_body_mse_component,val_body_prediction_mean,val_body_susceptibility_loss,val_depth_loss,val_depth_profile_loss,val_loss,val_prediction_fraction_above_1e_4,val_prediction_maximum,val_prediction_mean,val_prediction_minimum,val_prediction_standard_deviation,val_sensitivity_loss,val_susceptibility_amplitude_loss,val_susceptibility_loss,val_tversky_loss,val_weighted_tversky_loss,val_z_center_loss,weighted_tversky_loss,z_center_loss
0,0.0034078643657267094,0.0486423596739769,0.0026842847000807524,0.047494690865278244,0.0026842847000807524,0.0457959808409214,0.009323406033217907,0.19934919476509094,0.8412003517150879,0.10000000149011612,0.048636600375175476,0.0,0.03227948769927025,0.0032238266430795193,0.001977158011868596,0.0030460739508271217,0.9951032996177673,0.005833521485328674,0.058335479348897934,0.004325633402913809,0.052684247493743896,0.004325633402913809,0.045727308839559555,0.009634960442781448,0.20398864150047302,0.5831058025360107,0.10000000149011612,0.058308377861976624,0.0,0.04930448159575462,0.005438640248030424,0.00246990448795259,0.0050795781426131725,0.9954589605331421,0.0995459109544754,0.036092355847358704,0.09951033443212509,0.036472566425800323
1,0.0031245241407305002,0.04337963089346886,0.002513545099645853,0.039531540125608444,0.002513545099645853,0.043282970786094666,0.009464247152209282,0.19352707266807556,0.8404305577278137,0.10000000149011612,0.043360158801078796,0.0,0.03525793179869652,0.002951285568997264,0.001614118809811771,0.002819033805280924,0.9957668781280518,0.0018496294505894184,0.03619251027703285,0.0013534785248339176,0.030616318807005882,0.0013534785248339176,0.039367932826280594,0.008409250527620316,0.18262962996959686,0.9118576049804688,0.10000000149011612,0.0361657477915287,0.0,0.02321864850819111,0.0017282525077462196,0.0010073785670101643,0.0016015545697882771,0.9955654740333557,0.09955654293298721,0.03095868043601513,0.09957659989595413,0.03381871059536934
2,0.0017960455734282732,0.029695354402065277,0.0013670393964275718,0.025205841287970543,0.0013670393964275718,0.036736179143190384,0.009553932584822178,0.17716164886951447,0.804399311542511,0.10000000149011612,0.029672620818018913,0.0,0.030216574668884277,0.0017391646979376674,0.0008411905146203935,0.0015815430087968707,0.9952738285064697,0.0021565358620136976,0.03362017497420311,0.0017385539831593633,0.027096016332507133,0.0017385539831593633,0.03509202226996422,0.00859815999865532,0.1744457632303238,0.7835757732391357,0.10000000149011612,0.03358887508511543,0.0,0.03203120827674866,0.0019595446065068245,0.0007911472930572927,0.0019475449807941914,0.9956346154212952,0.09956347197294235,0.0264938622713089,0.09952730685472488,0.027182262390851974
3,0.0015953467227518559,0.0248024333268404,0.0015661921352148056,0.023096963763237,0.0015661921352148056,0.031078824773430824,0.00948970764875412,0.16565680503845215,0.7033668756484985,0.10000000149011612,0.02479381114244461,0.0,0.03131292387843132,0.0015150225954130292,0.0007914886227808893,0.0015807687304913998,0.9961199164390564,0.0012681224616244435,0.01633816584944725,0.0016862754710018635,0.015767447650432587,0.0016862754710018635,0.018382087349891663,0.008674472570419312,0.1398317962884903,0.49661245942115784,0.10000000149011612,0.01633542776107788,0.0,0.03164353594183922,0.0011741145281121135,0.0008380243089050055,0.0014771989081054926,0.9957829117774963,0.09957827627658844,0.009707620367407799,0.09961195290088654,0.0215891245752573
4,0.0010080139618366957,0.013193801045417786,0.0014517667004838586,0.016267146915197372,0.0014517667004838586,0.021673573181033134,0.008836714550852776,0.14564138650894165,0.45020735263824463,0.10000000149011612,0.013209357857704163,0.0,0.0288991741836071,0.0009305804851464927,0.0006980032194405794,0.0012298902729526162,0.9943601489067078,0.00045561545994132757,0.005176609382033348,0.001398683525621891,0.00886352825909853,0.001398683525621891,0.012785708531737328,0.008080024272203445,0.12683093547821045,0.2078431248664856,0.10000000149011612,0.0051942989230155945,0.0,0.020742857828736305,0.00037251078174449503,0.000834657228551805,0.0009271492599509656,0.9912517070770264,0.09912517666816711,0.004705687519162893,0.09943586587905884,0.012836866080760956
5,0.00031939157634042203,0.003580233082175255,0.0015668187988922,0.016026251018047333,0.0015668187988922,0.014053001999855042,0.007823705673217773,0.12741567194461823,0.15014980733394623,0.10000000149011612,0.0036432561464607716,0.0,0.017666440457105637,0.000256073399214074,0.0007035056478343904,0.0009431051439605653,0.974071741104126,0.00025628297589719296,0.002841613721102476,0.0015778307570144534,0.012105374597012997,0.0015778307570144534,0.010049793869256973,0.006610527168959379,0.11880853027105331,0.12516388297080994,0.10000000149011612,0.0028860592283308506,0.0,0.015879036858677864,0.00017450665473006666,0.0007694238447584212,0.0009170568664558232,0.9684797525405884,0.09684795141220093,0.0034392676316201687,0.0974070355296135,0.00622929260134697
6,0.00017339951591566205,0.0018863327568396926,0.0015823328867554665,0.01625668816268444,0.0015823328867554665,0.012825862504541874,0.008232084102928638,0.12185827642679214,0.06506334245204926,0.10000000149011612,0.001959101529791951,0.0,0.01328647043555975,0.00012999578029848635,0.0006525542703457177,0.0008778661140240729,0.9454624056816101,0.00015060286386869848,0.00157733669038862,0.001942894421517849,0.017800813540816307,0.001942894421517849,0.029024727642536163,0.012554782442748547,0.15443255007266998,0.028405355289578438,0.10000000149011612,0.0016551731387153268,0.0,0.012472708709537983,0.00012717876234091818,0.0008813806343823671,0.0010467487154528499,0.9432781934738159,0.09432782232761383,0.01646994613111019,0.09454620629549026,0.00459377933293581
7,0.00010643788118613884,0.0011844655964523554,0.0015943135367706418,0.0160613302141428,0.0015943135367706418,0.011279996484518051,0.007616755086928606,0.11698322743177414,0.049194805324077606,0.10000000149011612,0.0012597994646057487,0.0,0.010585283860564232,8.714754221728072e-05,0.000618835212662816,0.0008503749850206077,0.9286702871322632,0.00010567092976998538,0.0011318447068333626,0.002065101405605674,0.018749352544546127,0.002065101405605674,0.009225304238498211,0.006657585967332125,0.11139106750488281,0.0372091680765152,0.10000000149011612,0.0012163689825683832,0.0,0.010595913045108318,8.398749923799187e-05,0.0008943836437538266,0.0010853861458599567,0.9087666869163513,0.09087668359279633,0.0025677187368273735,0.09286697208881378,0.0036632451228797436
8,0.00019218050874769688,0.0021139502059668303,0.0020063230767846107,0.021919861435890198,0.0020063230767846107,0.013536822982132435,0.008233253844082355,0.12347444891929626,0.07673613727092743,0.10000000149011612,0.0022142422385513783,0.0,0.014036065898835659,0.00016255058289971203,0.0007885340019129217,0.0010992520255967975,0.9435051083564758,0.0001593894266989082,0.001682071015238762,0.002050744602456689,0.019014999270439148,0.002050744602456689,0.01039954274892807,0.0069141387939453125,0.11625814437866211,0.057106222957372665,0.10000000149011612,0.0017652303213253617,0.0,0.012817983515560627,0.00011921165423700586,0.0008562155999243259,0.0011050672037526965,0.9337857961654663,0.09337857365608215,0.0034854046534746885,0.09435044974088669,0.005303575657308102
9,9.617833711672574e-05,0.001044416450895369,0.00165846711024642,0.015866098925471306,0.00165846711024642,0.009808080270886421,0.00699347211048007,0.11292511969804764,0.051164183765649796,0.10000000149011612,0.0011194708058610559,0.0,0.010102672502398491,7.294573879335076e-05,0.0005921477568335831,0.0008773226873017848,0.9176665544509888,8.089923358056694e-05,0.0008586996700614691,0.0018649372505024076,0.016079194843769073,0.0018649372505024076,0.008082433603703976,0.006059450563043356,0.10780222713947296,0.03143513947725296,0.10000000149011612,0.0009317242074757814,0.0,0.009326606057584286,5.9569356380961835e-05,0.0007422279450111091,0.0009729181765578687,0.8986262679100037,0.0898626297712326,0.002022982109338045,0.09176656603813171,0.0028146151453256607
10,6.55110488878563e-05,0.0007054683519527316,0.0016337452689185739,0.01567056216299534,0.0016337452689185739,0.009304330684244633,0.006911885924637318,0.10897595435380936,0.0218389593064785,0.10000000149011612,0.0007812480325810611,0.0,0.008491767570376396,5.0405280489940196e-05,0.0005658098962157965,0.0008496280643157661,0.8890149593353271,8.674844139022753e-05,0.000914093863684684,0.002173951594159007,0.02102448046207428,0.002173951594159007,0.008164194412529469,0.006233796011656523,0.10606759041547775,0.017894083634018898,0.10000000149011612,0.0010105791734531522,0.0,0.009748241864144802,6.513016705866903e-05,0.0007984802359715104,0.001130349701270461,0.8774524927139282,0.08774525672197342,0.0019303977023810148,0.08890143781900406,0.0023924456909298897
11,0.00010296109394403175,0.0010568259749561548,0.0014082792913541198,0.01366470754146576,0.0014082792913541198,0.0314483679831028,0.012424487620592117,0.15261951088905334,0.016215138137340546,0.10000000149011612,0.001120670000091195,0.0,0.010387045331299305,7.682629802729934e-05,0.0005072868661954999,0.0007556204800494015,0.883830189704895,7.455499144271016e-05,0.0007466977695003152,0.0015090787783265114,0.017680609598755836,0.0015090787783265114,0.07145185023546219,0.010788124054670334,0.21601170301437378,0.008375447243452072,0.10000000149011612,0.0008279427420347929,0.0,0.009053768590092659,6.476989801740274e-05,0.00045544045860879123,0.0007918169139884412,0.7179598212242126,0.0717959851026535,0.060663722455501556,0.08838299661874771,0.019023876637220383
12,7.354121044045314e-05,0.0007458964828401804,0.001312315696850419,0.01642000488936901,0.001312315696850419,0.092694953083992,0.01096140407025814,0.25852322578430176,0.008571034297347069,0.10000000149011612,0.0008252669940702617,0.0,0.008980498649179935,6.23885789536871e-05,0.00032027639099396765,0.0006929284427314997,0.7205744385719299,7.249023474287242e-05,0.0007252594223245978,0.0015513485996052623,0.017958074808120728,0.0015513485996052623,0.13332976400852203,0.00950038991868496,0.33584293723106384,0.008120727725327015,0.10000000149011612,0.0008079385734163225,0.0,0.008948709815740585,6.760433461749926e-05,0.0005186577909626067,0.0008119193953461945,0.6778520345687866,0.06778518855571747,0.12382938712835312,0.07205740362405777,0.08173355460166931
13,6.775057408958673e-05,0.000677437346894294,0.0010327869094908237,0.012376397848129272,0.0010327869094908237,0.16675880551338196,0.012386550195515156,0.400674968957901,0.007385752163827419,0.10000000149011612,0.0007366775535047054,0.0,0.0085496436804533,5.62862005608622e-05,0.0003979077155236155,0.0005502686835825443,0.6615274548530579,8.489720494253561e-05,0.00084876106120646,0.0015858524711802602,0.01880256086587906,0.0015858524711802602,0.12528030574321747,0.00932823121547699,0.3213701546192169,0.009374389424920082,0.10000000149011612,0.0009348992607556283,0.0,0.009621894918382168,7.228374306578189e-05,0.0006361611885949969,0.0008353747543878853,0.6926572322845459,0.06926571577787399,0.11595208942890167,0.06615272164344788,0.1543721854686737
14,6.757399387424812e-05,0.0006758822710253298,0.0012147160014137626,0.01496475376188755,0.0012147160014137626,0.1409742534160614,0.011128250509500504,0.34933140873908997,0.007505889981985092,0.10000000149011612,0.0007482379442080855,0.0,0.008615751750767231,5.530134876607917e-05,0.0003783350985031575,0.0006411447538994253,0.6630731821060181,5.047076410846785e-05,0.0005048990133218467,0.0012907902710139751,0.014417681843042374,0.0012907902710139751,0.1328735649585724,0.009039715863764286,0.33602431416511536,0.005734049249440432,0.10000000149011612,0.0005716494633816183,0.0,0.0075372979044914246,3.846977779176086e-05,0.00038498741923831403,0.0006706304848194122,0.6918306946754456,0.06918306648731232,0.12383383512496948,0.06630729138851166,0.12984611093997955
15,0.0001097120184567757,0.001097488566301763,0.0014052328187972307,0.0157794039696455,0.0014052328187972307,0.12105170637369156,0.01149781420826912,0.31499332189559937,0.011762644164264202,0.10000000149011612,0.0011718341847881675,0.0,0.010758424177765846,9.105330536840484e-05,0.0004406509397085756,0.0007574725896120071,0.7160082459449768,0.00021755821944680065,0.0021753269247710705,0.0017533537466078997,0.018355771899223328,0.0017533537466078997,0.0685405507683754,0.01096170675009489,0.2175346165895462,0.022598164156079292,0.10000000149011612,0.0022529573179781437,0.0,0.014836457557976246,0.0001743785833241418,0.0006196937756612897,0.0009854559320956469,0.7867401242256165,0.07867398858070374,0.05757885426282883,0.0716007873415947,0.10955386608839035
16,6.823893636465073e-05,0.0006826703320257366,0.001105516217648983,0.006419140845537186,0.001105516217648983,0.2254626303911209,0.011054938659071922,0.5239316821098328,0.007141306530684233,0.10000000149011612,0.0007117186905816197,0.0,0.008404175750911236,5.910564141231589e-05,0.0007176221115514636,0.0005868776352144778,0.7164106965065002,1.2529833384178346e-06,1.2531641914392821e-05,0.0009717781213112175,0.0,0.0009717781213112175,0.2811167240142822,0.010937878862023354,0.6376968622207642,0.00012471516674850136,0.10000000149011612,1.2471517948142719e-05,0.0,0.001116689876653254,5.194347977521829e-06,0.0009717781795188785,0.0004865155497100204,0.7400000095367432,0.07399997115135193,0.27017879486083984,0.07164090871810913,0.21440763771533966
17,1.6426787396994769e-07,1.6450910607090918e-06,0.0007487947004847229,0.0,0.0007487947004847229,0.29558542370796204,0.010663386434316635,0.661198616027832,1.6367594071198255e-05,0.10000000149011612,1.6367595208066632e-06,0.0,0.00040456553688272834,3.6208114124747226e-06,0.0007487948751077056,0.00037447948125191033,0.6890000104904175,1.2529833384178346e-06,1.2531641914392821e-05,0.0009717781213112175,0.0,0.0009717781213112175,0.2811167240142822,0.010937878862023354,0.6376968622207642,0.00012471516674850136,0.10000000149011612,1.2471517948142719e-05,0.0,0.001116689876653254,5.194347977521829e-06,0.0009717781795188785,0.0004865155497100204,0.7400000095367432,0.07399997115135193,0.27017879486083984,0.06889992207288742,0.28492194414138794
18,1.6426787396994769e-07,1.6450886732854997e-06,0.0007487947586923838,0.0,0.0007487947586923838,0.29558539390563965,0.010663379915058613,0.6611983776092529,1.6367594071198255e-05,0.10000000149011612,1.63675917974615e-06,0.0,0.00040456553688272834,3.6208134588378016e-06,0.0007487947586923838,0.0003744795103557408,0.6890000104904175,1.2529833384178346e-06,1.2531641914392821e-05,0.0009717781213112175,0.0,0.0009717781213112175,0.2811167240142822,0.010937878862023354,0.6376968622207642,0.00012471516674850136,0.10000000149011612,1.2471517948142719e-05,0.0,0.001116689876653254,5.194347977521829e-06,0.0009717781795188785,0.0004865155497100204,0.7400000095367432,0.07399997115135193,0.27017879486083984,0.06889990717172623,0.2849220633506775
19,1.642678881808024e-07,1.6450896964670392e-06,0.0007487944676540792,0.0,0.0007487944676540792,0.29558542370796204,0.010663388296961784,0.6611993908882141,1.6367594071198255e-05,0.10000000149011612,1.6367594071198255e-06,0.0,0.00040456553688272834,3.6208102756063454e-06,0.0007487944676540792,0.00037447939394041896,0.6890000104904175,1.2529833384178346e-06,1.2531641914392821e-05,0.0009717781213112175,0.0,0.0009717781213112175,0.2811167240142822,0.010937878862023354,0.6376968622207642,0.00012471516674850136,0.10000000149011612,1.2471517948142719e-05,0.0,0.001116689876653254,5.194347977521829e-06,0.0009717781795188785,0.0004865155497100204,0.7400000095367432,0.07399997115135193,0.27017879486083984,0.06889994442462921,0.28492194414138794
20,1.6426785975909297e-07,1.6450890143460128e-06,0.0007487943512387574,0.0,0.0007487943512387574,0.2955853343009949,0.010663381777703762,0.6611987352371216,1.6367594071198255e-05,0.10000000149011612,1.6367594071198255e-06,0.0,0.00040456553688272834,3.620810502980021e-06,0.0007487943512387574,0.00037447939394041896,0.6890000104904175,1.2529833384178346e-06,1.2531641914392821e-05,0.0009717781213112175,0.0,0.0009717781213112175,0.2811167240142822,0.010937878862023354,0.6376968622207642,0.00012471516674850136,0.10000000149011612,1.2471517948142719e-05,0.0,0.001116689876653254,5.194347977521829e-06,0.0009717781795188785,0.0004865155497100204,0.7400000095367432,0.07399997115135193,0.27017879486083984,0.06889991462230682,0.28492191433906555
