epoch,background_mse_component,background_prediction_mae,background_prediction_mean,body_mse_component,body_prediction_mean,body_susceptibility_loss,depth_loss,depth_profile_loss,global_gradient_norm,loss,prediction_fraction_above_1e_4,prediction_fraction_near_saturation,prediction_maximum,prediction_mean,prediction_minimum,prediction_standard_deviation,sensitivity_loss,susceptibility_amplitude_loss,susceptibility_loss,tmi_correlation,tmi_loss,tmi_rmse,true_body_prediction_mae,tversky_loss,val_background_mse_component,val_background_prediction_mae,val_background_prediction_mean,val_body_mse_component,val_body_prediction_mean,val_body_susceptibility_loss,val_depth_loss,val_depth_profile_loss,val_global_gradient_norm,val_loss,val_prediction_fraction_above_1e_4,val_prediction_fraction_near_saturation,val_prediction_maximum,val_prediction_mean,val_prediction_minimum,val_prediction_standard_deviation,val_sensitivity_loss,val_susceptibility_amplitude_loss,val_susceptibility_loss,val_tmi_correlation,val_tmi_loss,val_tmi_rmse,val_true_body_prediction_mae,val_tversky_loss,val_vertical_gradient_loss,val_weighted_tmi_loss,val_weighted_tversky_loss,val_weighted_vertical_gradient_loss,val_z_center_loss,vertical_gradient_loss,weighted_tmi_loss,weighted_tversky_loss,weighted_vertical_gradient_loss,z_center_loss
0,0.0006647409754805267,0.01423648465424776,0.01423648465424776,0.0006935251294635236,0.044544968754053116,0.0006935251294635236,0.03518243879079819,0.010727053508162498,0.7625344395637512,0.23788297176361084,0.6756304502487183,0.007664092816412449,0.10000000149011612,0.014389947056770325,0.0,0.02157357707619667,0.0007262498256750405,0.0006128427339717746,0.0006791329942643642,0.622049868106842,6.82450008392334,231.44956970214844,0.021321669220924377,0.975833535194397,0.00018288400315213948,0.003239870071411133,0.003239870071411133,0.0006301338435150683,0.04364364221692085,0.0006301338435150683,0.01928969845175743,0.009428733959794044,0.0,0.1743486225605011,0.2126176953315735,0.004813130479305983,0.10000000149011612,0.003433717181906104,0.0,0.013433009386062622,0.0001740003499435261,0.0005870205350220203,0.0004065089160576463,0.75185227394104,2.5859594345092773,155.9342803955078,0.020731935277581215,0.940987229347229,0.0220950935035944,0.00025859594461508095,0.09409870207309723,0.0,0.009860962629318237,0.08642493933439255,0.0006824501324445009,0.09758331626653671,0.0,0.024455364793539047
1,0.00017251081590075046,0.0028283416759222746,0.0028283416759222746,0.0006747721927240491,0.04403572157025337,0.0006747721927240491,0.0186060331761837,0.009941390715539455,0.9107770919799805,0.17263837158679962,0.1205071285367012,0.006016042083501816,0.10000000149011612,0.0030370077583938837,0.0,0.013180050998926163,0.00015904824249446392,0.0005591650260612369,0.0004236420209053904,0.6893308758735657,2.463696002960205,150.09573364257812,0.021161111071705818,0.9209761619567871,0.00018030047067441046,0.0028568850830197334,0.0028568850830197334,0.0006209869752638042,0.045637309551239014,0.0006209869752638042,0.01633499562740326,0.008693372830748558,0.0,0.16576172411441803,0.10360127687454224,0.0071970620192587376,0.10000000149011612,0.0030621360056102276,0.0,0.013471873477101326,0.00015584738866891712,0.0005394964828155935,0.00040064367931336164,0.6723337769508362,2.943248987197876,166.2048797607422,0.020939113572239876,0.920377254486084,0.01876348815858364,0.0002943248546216637,0.09203774482011795,0.0,0.007641620468348265,0.022024651989340782,0.0002463694254402071,0.09209757298231125,0.0,0.008664650842547417
2,0.00015725386037956923,0.002521500224247575,0.002521500224247575,0.0006572238053195179,0.0454847551882267,0.0006572238053195179,0.014249475672841072,0.00918380543589592,0.5710211396217346,0.16121505200862885,0.10401114076375961,0.005946899298578501,0.10000000149011612,0.0027390578761696815,0.0,0.012690736912190914,0.00014490597823169082,0.0005255811847746372,0.0004072388692293316,0.6715134978294373,2.45181941986084,149.5013885498047,0.021178247407078743,0.910765528678894,0.00014828813436906785,0.0022896218579262495,0.0022896218579262495,0.0006484686746262014,0.04441852867603302,0.0006484686746262014,0.012600524351000786,0.008252876810729504,0.0,0.15673361718654633,0.08587036281824112,0.0066925049759447575,0.10000000149011612,0.0024917463306337595,0.0,0.012360716238617897,0.00012304523261263967,0.0005281523917801678,0.0003983784408774227,0.6260885000228882,2.5360307693481445,150.27035522460938,0.02049843966960907,0.9078990817070007,0.015817534178495407,0.00025360306608490646,0.09078990668058395,0.0,0.004347646608948708,0.018858784809708595,0.0002451819309499115,0.0910765677690506,0.0,0.005065666977316141
3,0.00014814316818956286,0.0023967453744262457,0.0023967453744262457,0.0006321089458651841,0.04640773683786392,0.0006321089458651841,0.013616813346743584,0.008731686510145664,0.6338141560554504,0.1577518880367279,0.09982629120349884,0.005613118410110474,0.10000000149011612,0.0026196034159511328,0.0,0.012374197132885456,0.00013500446220859885,0.0004927031113766134,0.00039012604975141585,0.6647638082504272,2.43295955657959,148.70875549316406,0.02085809037089348,0.9063454866409302,0.00015308771980926394,0.002548144431784749,0.002548144431784749,0.0005947955069132149,0.04836466535925865,0.0005947955069132149,0.012952807359397411,0.007725836243480444,0.0,0.15550388395786285,0.10883493721485138,0.005763753317296505,0.10000000149011612,0.0027679617051035166,0.0,0.012543030083179474,0.00013325500185601413,0.0005014747148379683,0.0003739414969459176,0.6877763271331787,2.6032052040100098,155.42218017578125,0.02093295380473137,0.9130905270576477,0.015319623053073883,0.0002603205502964556,0.09130904078483582,0.0,0.0052269697189331055,0.017191974446177483,0.0002432960900478065,0.09063446521759033,0.0,0.004885133355855942
4,0.00013860940816812217,0.002249539364129305,0.002249539364129305,0.0006288177683018148,0.04703676328063011,0.0006288177683018148,0.012754269875586033,0.008502770215272903,0.5727657675743103,0.1549694985151291,0.09550834447145462,0.005141194444149733,0.10000000149011612,0.002476331079378724,0.0,0.012034779414534569,0.00012632441939786077,0.00048386325943283737,0.00038371371920220554,0.6752379536628723,2.293255090713501,142.74586486816406,0.02076820470392704,0.9025003910064697,0.00014554581139236689,0.002359159290790558,0.002359159290790558,0.0005952217034064233,0.047630805522203445,0.0005952217034064233,0.011372307315468788,0.00790538638830185,0.0,0.1514723300933838,0.09554006159305573,0.005196024663746357,0.10000000149011612,0.0025763618759810925,0.0,0.012285933829843998,0.00013691451749764383,0.0004689179768320173,0.0003703836991917342,0.6920427083969116,2.2793853282928467,142.5789031982422,0.02062147669494152,0.9085559248924255,0.017281368374824524,0.0002279385516885668,0.09085559844970703,0.0,0.0034669204615056515,0.016003508120775223,0.00022932550928089768,0.09025003015995026,0.0,0.004251501988619566
5,0.0001295388356084004,0.002129334956407547,0.002129334956407547,0.0006115358555689454,0.04770287498831749,0.0006115358555689454,0.012536413967609406,0.00819205678999424,0.632788896560669,0.1530463695526123,0.09686590731143951,0.004757069982588291,0.10000000149011612,0.002360111568123102,0.0,0.011690673418343067,0.00011589429050218314,0.00046585832023993134,0.00037053736741654575,0.6916263103485107,2.17213773727417,137.85385131835938,0.020372824743390083,0.9012095332145691,0.0001230813068104908,0.0018834446091204882,0.0018834446091204882,0.0007800657767802477,0.04377785697579384,0.0007800657767802477,0.014527703635394573,0.00755833787843585,0.0,0.1650407463312149,0.0864371731877327,0.0062433877028524876,0.10000000149011612,0.0020844442769885063,0.0,0.011407827958464622,9.32597613427788e-05,0.0005435165367089212,0.0004515734617598355,0.6345934271812439,2.399278163909912,144.50416564941406,0.022165482863783836,0.899512767791748,0.012792732566595078,0.00023992786009330302,0.08995125442743301,0.0,0.00696936622262001,0.014177692122757435,0.00021721383382100612,0.09012098610401154,0.0,0.004344350658357143
6,0.0001206999586429447,0.001970666693523526,0.001970666693523526,0.0006081096362322569,0.04781971499323845,0.0006081096362322569,0.011780617758631706,0.007966049015522003,0.5997768640518188,0.15008501708507538,0.08562783896923065,0.004326314199715853,0.10000000149011612,0.002202838659286499,0.0,0.011349239386618137,0.00010787846986204386,0.0004539802030194551,0.0003644048410933465,0.7064147591590881,1.9902989864349365,131.5101318359375,0.020243637263774872,0.8932239413261414,0.0001667540636844933,0.002550342818722129,0.002550342818722129,0.0005994391976855695,0.05222253501415253,0.0005994391976855695,0.010919259861111641,0.0073595549911260605,0.0,0.1514371782541275,0.08721679449081421,0.006910298485308886,0.10000000149011612,0.00278865871950984,0.0,0.013152060098946095,0.00013841065810993314,0.0004748771316371858,0.0003830966306850314,0.6866259574890137,2.8570139408111572,161.76702880859375,0.021031290292739868,0.9039000868797302,0.015307532623410225,0.0002857013896573335,0.09039002656936646,0.0,0.003559704637154937,0.013320955447852612,0.00019902989151887596,0.08932239562273026,0.0,0.00381456664763391
7,0.00010960370127577335,0.0017924283165484667,0.0017924283165484667,0.0006118488381616771,0.04874991625547409,0.0006118488381616771,0.0109120337292552,0.007646672893315554,0.5688923597335815,0.14691048860549927,0.07833269238471985,0.003844879101961851,0.10000000149011612,0.002030210103839636,0.0,0.010913079604506493,9.723679249873385e-05,0.0004493362794164568,0.0003607261460274458,0.7422703504562378,1.7441471815109253,122.07793426513672,0.020262451842427254,0.8829275965690613,9.173683065455407e-05,0.0015178672038018703,0.0015178672038018703,0.0005828473949804902,0.04730331152677536,0.0005828473949804902,0.010702877305448055,0.00683552073314786,0.0,0.14265675842761993,0.06340128928422928,0.0028446451760828495,0.10000000149011612,0.0017375352326780558,0.0,0.010068099945783615,8.373354648938403e-05,0.00042926400783471763,0.0003372920327819884,0.771851122379303,1.3573541641235352,106.46916961669922,0.01962747611105442,0.8687307834625244,0.009604125283658504,0.00013573540491051972,0.08687306195497513,0.0,0.0038673579692840576,0.011926758103072643,0.0001744146429700777,0.08829271048307419,0.0,0.003265372710302472
8,7.9554614785593e-05,0.0013292538933455944,0.0013292538933455944,0.0006142007187008858,0.04849711433053017,0.0006142007187008858,0.01028172392398119,0.007091803476214409,0.6111871600151062,0.14127498865127563,0.06068795919418335,0.0026584777515381575,0.10000000149011612,0.0015681033255532384,0.0,0.009542834013700485,6.874518294353038e-05,0.00042815698543563485,0.00034687755396589637,0.8059895634651184,1.2233589887619019,99.1119613647461,0.020289702340960503,0.8540459871292114,5.032055196352303e-05,0.0009266736451536417,0.0009266736451536417,0.0006273686303757131,0.04879886656999588,0.0006273686303757131,0.00829069409519434,0.0058759767562150955,0.0,0.13255281746387482,0.04845540225505829,0.000949198380112648,0.10000000149011612,0.0011563533917069435,0.0,0.007937747985124588,4.876439561485313e-05,0.00040967873064801097,0.0003388446057215333,0.88983553647995,0.5719718337059021,70.41311645507812,0.02030777931213379,0.8157134056091309,0.006306055001914501,5.719717955798842e-05,0.08157133311033249,0.0,0.0024147173389792442,0.008525407873094082,0.00012233589950483292,0.08540453761816025,0.0,0.0031899157911539078
9,4.6362671128008515e-05,0.0008886540890671313,0.0008886540890671313,0.0006279738154262304,0.04971923306584358,0.0006279738154262304,0.010129538364708424,0.006611819379031658,0.7223291993141174,0.13577283918857574,0.050365377217531204,0.0007701721042394638,0.10000000149011612,0.0011359223863109946,0.0,0.007758716121315956,4.468460610951297e-05,0.00040790645289234817,0.00033716807956807315,0.907686710357666,0.5582618117332458,67.49437713623047,0.02024746686220169,0.8128856420516968,4.492086372920312e-05,0.0008542623254470527,0.0008542623254470527,0.0006407024920918047,0.049092333763837814,0.0006407024920918047,0.00899709202349186,0.005962458439171314,0.0,0.13264687359333038,0.04591186344623566,0.0009280395461246371,0.10000000149011612,0.001085697440430522,0.0,0.007615361828356981,4.178850940661505e-05,0.0003742879198398441,0.00034281169064342976,0.8371620178222656,0.4696009159088135,64.67012023925781,0.020589353516697884,0.7990850210189819,0.00506993755698204,4.69600927317515e-05,0.07990849763154984,0.0,0.003034631023183465,0.005676836706697941,5.582613812293857e-05,0.08128852397203445,0.0,0.0035177147947251797
10,3.690453741000965e-05,0.0007299651042558253,0.0007299651042558253,0.0006247603450901806,0.04976114258170128,0.0006247603450901806,0.009664135985076427,0.006414587609469891,0.9049929976463318,0.13036741316318512,0.04010071977972984,0.000319274899084121,0.10000000149011612,0.0009782492415979505,0.0,0.007155490107834339,3.77763899450656e-05,0.00040858928696252406,0.0003308323211967945,0.9099381566047668,0.352965384721756,52.844940185546875,0.020399251952767372,0.774742603302002,3.332851338200271e-05,0.0006535879801958799,0.0006535879801958799,0.0005452731857076287,0.05008765310049057,0.0005452731857076287,0.008294430561363697,0.005386143922805786,0.0,0.1211460679769516,0.03562581539154053,0.0001617431698832661,0.10000000149011612,0.0008907612063921988,0.0,0.006870883516967297,3.297522562206723e-05,0.00037182230153121054,0.00028930080588907003,0.9294071197509766,0.2775006592273712,47.980831146240234,0.019439058378338814,0.7519457936286926,0.003736010752618313,2.7750069421017542e-05,0.0751945823431015,0.0,0.002908288035541773,0.004494770895689726,3.529655441525392e-05,0.07747422158718109,0.0,0.0032495472114533186
11,3.141025808872655e-05,0.0006219776696525514,0.0006219776696525514,0.0005882681580260396,0.049468349665403366,0.0005882681580260396,0.008743722923099995,0.006001410540193319,0.9213533401489258,0.1227957010269165,0.03355692699551582,0.00019406128558330238,0.10000000149011612,0.0008693257695995271,0.0,0.006766064558178186,3.242317689000629e-05,0.00039642397314310074,0.00030983908800408244,0.9188700318336487,0.27120620012283325,45.72962188720703,0.019785691052675247,0.7386839985847473,3.1620566005585715e-05,0.0006467371713370085,0.0006467371713370085,0.0004993933835066855,0.05036649852991104,0.0004993933835066855,0.007838133722543716,0.005237268283963203,0.0,0.11729855835437775,0.036010030657052994,0.00013610839960165322,0.10000000149011612,0.0008852813625708222,0.0,0.006719193421304226,3.189701965311542e-05,0.00036357276258058846,0.00026550694019533694,0.9324613809585571,0.26596134901046753,47.10041046142578,0.018979854881763458,0.7464953064918518,0.0033596090506762266,2.6596126190270297e-05,0.07464952766895294,0.0,0.0026008656714111567,0.003711855039000511,2.7120609956909902e-05,0.07386837899684906,0.0,0.002742312615737319
12,2.9089020245010033e-05,0.0005806966219097376,0.0005806966219097376,0.0005825611879117787,0.04976792261004448,0.0005825611879117787,0.008482008241117,0.005897712428122759,0.9790505766868591,0.11980461329221725,0.0297221876680851,0.0001316731795668602,0.10000000149011612,0.000829770986456424,0.0,0.0065990956500172615,3.0881834391038865e-05,0.00039606800419278443,0.00030582505860365927,0.9258214235305786,0.23427298665046692,42.44757843017578,0.019808264449238777,0.7180772423744202,4.1230086935684085e-05,0.0007894845912232995,0.0007894845912232995,0.00045901324483565986,0.054078977555036545,0.00045901324483565986,0.008036135695874691,0.00541567150503397,0.0,0.11641687154769897,0.032933857291936874,0.00011057535448344424,0.10000000149011612,0.0010451553389430046,0.0,0.007504462264478207,4.29346582677681e-05,0.00032974977511912584,0.0002501216367818415,0.9413726329803467,0.3096238076686859,51.79180145263672,0.01846756599843502,0.7492877840995789,0.003820206271484494,3.0962368327891454e-05,0.07492879033088684,0.0,0.0026204651221632957,0.003419250715523958,2.3427293854183517e-05,0.07180775701999664,0.0,0.0025843027979135513
13,2.688548556761816e-05,0.000538988970220089,0.000538988970220089,0.000588912284001708,0.04929116368293762,0.000588912284001708,0.00859973207116127,0.005779173690825701,1.1492871046066284,0.1189403384923935,0.02781854197382927,0.0001312052336288616,0.10000000149011612,0.0007858598837628961,0.0,0.0064354101195931435,2.8978454793104902e-05,0.00038796148146502674,0.0003078987938351929,0.9290100336074829,0.1996229737997055,38.28702163696289,0.019790422171354294,0.7051401734352112,3.850675784633495e-05,0.0007336496491916478,0.0007336496491916478,0.0004394276475068182,0.05411619320511818,0.0004394276475068182,0.007878758013248444,0.005178340710699558,0.0,0.11424258351325989,0.031811218708753586,0.00019307454931549728,0.10000000149011612,0.0009897666750475764,0.0,0.0073331668972969055,3.9028200262691826e-05,0.00032512604957446456,0.00023896718630567193,0.9443756341934204,0.29032260179519653,49.38822937011719,0.018228882923722267,0.7419515252113342,0.003535047871991992,2.903226049966179e-05,0.07419515401124954,0.0,0.002700417535379529,0.003270277986302972,1.99622936634114e-05,0.07051405310630798,0.0,0.0028205527924001217
14,2.2549904315383174e-05,0.0004552347818389535,0.0004552347818389535,0.0005738335312344134,0.049487192183732986,0.0005738335312344134,0.007794357370585203,0.005464800633490086,1.0786855220794678,0.1135796532034874,0.024646352976560593,9.687296551419422e-05,0.10000000149011612,0.0007035222952254117,0.0,0.006119066383689642,2.44989205384627e-05,0.00036759040085598826,0.0002981916186399758,0.939152717590332,0.14813345670700073,32.42205047607422,0.019239190965890884,0.6776488423347473,2.5076156816794537e-05,0.0004902336513623595,0.0004902336513623595,0.000491466314997524,0.052965302020311356,0.000491466314997524,0.00701475003734231,0.004938996396958828,0.0,0.10926946997642517,0.024676920846104622,9.338378731627017e-05,0.10000000149011612,0.0007419969770126045,0.0,0.006394365802407265,2.64699319814099e-05,0.00029099133098497987,0.0002582712040748447,0.9467377662658691,0.14408615231513977,33.749732971191406,0.018418878316879272,0.6908097267150879,0.003297848626971245,1.4408616152650211e-05,0.06908097863197327,0.0,0.0020757552701979876,0.0030806874856352806,1.4813336747465655e-05,0.06776487827301025,0.0,0.0023295553401112556
15,1.8592971173347905e-05,0.00037531330599449575,0.00037531330599449575,0.0005623060278594494,0.04932905361056328,0.0005623060278594494,0.007084120996296406,0.005078264977782965,1.0882432460784912,0.10846226662397385,0.0216431375592947,7.752481906209141e-05,0.10000000149011612,0.0006232046871446073,0.0,0.00581071712076664,2.082066384900827e-05,0.00034938103635795414,0.00029044956318102777,0.9449490308761597,0.0963265597820282,25.97911262512207,0.019008802250027657,0.6486923098564148,1.646525379328523e-05,0.0003244236868340522,0.0003244236868340522,0.0005478447419591248,0.049014847725629807,0.0005478447419591248,0.006544038187712431,0.004482347518205643,0.0,0.10367676615715027,0.018371175974607468,9.267171117244288e-05,0.10000000149011612,0.0005580291035585105,0.0,0.005561662372201681,1.910690298245754e-05,0.00031479797326028347,0.0002821550006046891,0.9467429518699646,0.05939915031194687,20.6998348236084,0.01914587803184986,0.6203334927558899,0.0028214387129992247,5.9399130805104505e-06,0.06203334033489227,0.0,0.002061690203845501,0.002910025417804718,9.632647561375052e-06,0.0648692175745964,0.0,0.002005859510973096
16,1.8524933693697676e-05,0.0003684900875668973,0.0003684900875668973,0.0005916135269217193,0.0497976578772068,0.0005916135269217193,0.0074866171926259995,0.005096415989100933,1.300199031829834,0.11016207933425903,0.02072710171341896,9.141032205661759e-05,0.10000000149011612,0.0006187891704030335,0.0,0.005828368477523327,2.068825051537715e-05,0.00037518859608098865,0.0003050692321266979,0.9464724063873291,0.09385640174150467,25.090198516845703,0.019302941858768463,0.6427668333053589,1.2214564776513726e-05,0.0002546337782405317,0.0002546337782405317,0.00078733847476542,0.043607767671346664,0.00078733847476542,0.006906358990818262,0.004372687544673681,0.0,0.11470024287700653,0.016663309186697006,8.534749213140458e-05,0.10000000149011612,0.00046263207332231104,0.0,0.0049271248281002045,1.3096548173052724e-05,0.000521822483278811,0.0003997765015810728,0.9631507396697998,0.05554717034101486,20.006820678710938,0.022527076303958893,0.6036942005157471,0.002503117546439171,5.554717063205317e-06,0.06036940589547157,0.0,0.0025336730759590864,0.0028580608777701855,9.385636076331139e-06,0.06427668035030365,0.0,0.002390199573710561
17,1.535141382191796e-05,0.0003103453491348773,0.0003103453491348773,0.000576050893869251,0.04940321296453476,0.000576050893869251,0.006535384338349104,0.004757443442940712,1.2739758491516113,0.10441586375236511,0.01867547631263733,6.472778477473184e-05,0.10000000149011612,0.0005589417414739728,0.0,0.005546918138861656,1.7290582036366686e-05,0.00035997870145365596,0.0002957010001409799,0.957274317741394,0.06640198826789856,21.214229583740234,0.018886810168623924,0.6139100790023804,2.571297409303952e-05,0.00046327084419317544,0.00046327084419317544,0.0004206461599096656,0.05770605802536011,0.0004206461599096656,0.006695320829749107,0.004353045020252466,0.0,0.10069829970598221,0.01986185647547245,4.943847670801915e-05,0.10000000149011612,0.0007379085291177034,0.0,0.006658870726823807,2.7944775865762495e-05,0.00026430736761540174,0.0002231795369880274,0.9707698225975037,0.11395929008722305,28.719989776611328,0.017680160701274872,0.646860659122467,0.0030178662855178118,1.1395930414437316e-05,0.06468605250120163,0.0,0.002342274645343423,0.0026699770241975784,6.640197170781903e-06,0.06139107421040535,0.0,0.0017779422923922539
18,1.4843513781670481e-05,0.0002938802936114371,0.0002938802936114371,0.0005663855699822307,0.04979218170046806,0.0005663855699822307,0.006350274197757244,0.004581446759402752,1.3667494058609009,0.10151959955692291,0.01727270521223545,7.347615610342473e-05,0.10000000149011612,0.000544529699254781,0.0,0.005539081525057554,1.683363370830193e-05,0.0003365372831467539,0.00029061458189971745,0.9547067880630493,0.06213514506816864,20.244857788085938,0.018863577395677567,0.5939802527427673,5.514551958185621e-06,0.00013119136565364897,0.00013119136565364897,0.0009511327953077853,0.03908068314194679,0.0009511327953077853,0.005772271193563938,0.0036258683539927006,0.0,0.11268790066242218,0.013297220692038536,5.6864420912461355e-05,0.10000000149011612,0.0003180619969498366,0.0,0.004011836368590593,8.247330697486177e-06,0.0006449875072576106,0.00047832378186285496,0.9637271761894226,0.021281564608216286,11.160104751586914,0.024477152153849602,0.5265561938285828,0.0019184349803254008,2.128155983882607e-06,0.05265561491250992,0.0,0.0021464021410793066,0.002556400140747428,6.213514552655397e-06,0.059398043900728226,0.0,0.001768828951753676
19,1.285783127968898e-05,0.00025655419449321926,0.00025655419449321926,0.000582900654990226,0.049603093415498734,0.000582900654990226,0.0068231308832764626,0.004624215420335531,1.4145396947860718,0.10169495642185211,0.016445597633719444,7.191975601017475e-05,0.10000000149011612,0.0005064347060397267,0.0,0.005365499295294285,1.4698080121888779e-05,0.0003434535174164921,0.00029787913081236184,0.954183042049408,0.051425155252218246,18.103857040405273,0.019122235476970673,0.5789752006530762,1.22858064059983e-05,0.000254766084253788,0.000254766084253788,0.00044324755435809493,0.05123508721590042,0.00044324755435809493,0.005642728880047798,0.00397128751501441,0.0,0.09319885075092316,0.015745442360639572,5.676269574905746e-05,0.10000000149011612,0.0004993578768335283,0.0,0.005282507743686438,1.3484225746651646e-05,0.00026451770099811256,0.0002277666935697198,0.9689385294914246,0.05073447525501251,18.177139282226562,0.01735619083046913,0.5885366201400757,0.0022622609976679087,5.07344702782575e-06,0.05885365605354309,0.0,0.001671440782956779,0.002469051629304886,5.1425145102257375e-06,0.05789753794670105,0.0,0.0021989180240780115
20,1.289789088332327e-05,0.00025970209389925003,0.00025970209389925003,0.000578658829908818,0.04939323663711548,0.000578658829908818,0.006100956350564957,0.004463224206119776,1.313599705696106,0.09951042383909225,0.01604168675839901,5.552164657274261e-05,0.10000000149011612,0.0005085042212158442,0.0,0.005350998602807522,1.4969546100473963e-05,0.00034823414171114564,0.0002957784163299948,0.9583461284637451,0.04882675036787987,17.95453643798828,0.01879952661693096,0.573625922203064,1.0968948117806576e-05,0.00022122736845631152,0.00022122736845631152,0.0005021250108256936,0.04998651519417763,0.0005021250108256936,0.004982640501111746,0.003596586175262928,0.0,0.09238393604755402,0.014767048880457878,5.391438753576949e-05,0.10000000149011612,0.000459989852970466,0.0,0.005110941361635923,1.2090230484318454e-05,0.00028822902822867036,0.00025654700584709644,0.968807578086853,0.04146773740649223,16.222673416137695,0.018481552600860596,0.5645950436592102,0.0022643585689365864,4.146773790125735e-06,0.056459493935108185,0.0,0.0013860532781109214,0.002432709326967597,4.882676876150072e-06,0.057362619787454605,0.0,0.0016377303982153535
21,1.1162599548697472e-05,0.00022393475228454918,0.00022393475228454918,0.0005824237014167011,0.04929432272911072,0.0005824237014167011,0.0057822177186608315,0.0042399144731462,1.449683666229248,0.09614984691143036,0.014575235545635223,5.2998861065134406e-05,0.10000000149011612,0.00047241715947166085,0.0,0.005195264704525471,1.3229942851467058e-05,0.0003444132744334638,0.0002967929176520556,0.9552287459373474,0.040688835084438324,16.247230529785156,0.019005389884114265,0.5454438924789429,2.1171030311961658e-05,0.0003904154582414776,0.0003904154582414776,0.0004654129152186215,0.05711768940091133,0.0004654129152186215,0.006142043508589268,0.004254762548953295,0.0,0.09855011850595474,0.018477274104952812,2.4922688680817373e-05,0.10000000149011612,0.0006625799578614533,0.0,0.006288337055593729,2.4944829419837333e-05,0.0002980385033879429,0.00024329194275196642,0.9719933271408081,0.0714140385389328,23.042831420898438,0.01813415437936783,0.6160670518875122,0.002720033749938011,7.141402875276981e-06,0.061606697738170624,0.0,0.0018872808432206511,0.0023007607087492943,4.0688887565920595e-06,0.05454441159963608,0.0,0.0015423028962686658
22,1.0418425517855212e-05,0.00021293244208209217,0.00021293244208209217,0.0005532739451155066,0.04890667647123337,0.0005532739451155066,0.005637002177536488,0.0042236619628965855,1.4577292203903198,0.09361214935779572,0.01435674075037241,5.082194184069522e-05,0.10000000149011612,0.00045950713683851063,0.0,0.005105637013912201,1.2408650036377367e-05,0.00032044813269749284,0.00028184609254822135,0.9590954780578613,0.03639204427599907,15.142448425292969,0.01835826225578785,0.5381704568862915,1.2961408174305689e-05,0.00024053335073404014,0.00024053335073404014,0.0004645169246941805,0.05467335134744644,0.0004645169246941805,0.005356171168386936,0.0038035546895116568,0.0,0.09004074335098267,0.014211527071893215,5.208333459449932e-05,0.10000000149011612,0.0005016896175220609,0.0,0.005534593481570482,1.3505195056495722e-05,0.0002430276363156736,0.00023873915779404342,0.9784182906150818,0.04258917272090912,16.302709579467773,0.01772966794669628,0.5519368648529053,0.0023151738569140434,4.258917670085793e-06,0.05519368499517441,0.0,0.0015526169445365667,0.0022415537387132645,3.6392032143339748e-06,0.05381704494357109,0.0,0.0014133391669020057
23,1.0179980563407298e-05,0.00020572583889588714,0.00020572583889588714,0.0005764259840361774,0.049791447818279266,0.0005764259840361774,0.005377661902457476,0.00407353974878788,1.4733960628509521,0.09317805618047714,0.014034312218427658,4.574584818328731e-05,0.10000000149011612,0.0004568174190353602,0.0,0.005131621845066547,1.214733492815867e-05,0.00034369720378890634,0.0002933029318228364,0.962815523147583,0.03560323640704155,15.01839828491211,0.018701868131756783,0.5273296236991882,9.788603165361565e-06,0.00019477539171930403,0.00019477539171930403,0.00046599411871284246,0.0499500036239624,0.00046599411871284246,0.004476710222661495,0.003350237850099802,0.0,0.08630336076021194,0.013392740860581398,5.859374869032763e-05,0.10000000149011612,0.0004334895929787308,0.0,0.004984046332538128,9.815220437303651e-06,0.0002886032743845135,0.0002378912759013474,0.9726606607437134,0.04147632420063019,15.518908500671387,0.017916478216648102,0.5325822830200195,0.0021149171516299248,4.147631898376858e-06,0.05325821414589882,0.0,0.0011264723725616932,0.0022330223582684994,3.560323875717586e-06,0.05273302644491196,0.0,0.0013041225029155612
24,9.597653843229637e-06,0.00019429769599810243,0.00019429769599810243,0.0005752842989750206,0.04930446669459343,0.0005752842989750206,0.005448934622108936,0.004046940244734287,1.4764152765274048,0.09283361583948135,0.013711863197386265,5.297851384966634e-05,0.10000000149011612,0.00044298163265921175,0.0,0.005060512572526932,1.16505188998417e-05,0.0003320774412713945,0.0002924407599493861,0.9651232361793518,0.031194591894745827,13.709275245666504,0.0188225656747818,0.5234479904174805,1.192414310935419e-05,0.00023956519726198167,0.00023956519726198167,0.00045609346125274897,0.052396226674318314,0.00045609346125274897,0.005051968153566122,0.0035579532850533724,0.0,0.08942465484142303,0.014400023967027664,2.3091633920557797e-05,0.10000000149011612,0.000489800819195807,0.0,0.005312279798090458,1.3969307474326342e-05,0.0002789075660984963,0.00023400883947033435,0.9833670258522034,0.026547817513346672,13.283621788024902,0.01621282286942005,0.5562430024147034,0.0022437970619648695,2.654781837918563e-06,0.05562430992722511,0.0,0.0014940159162506461,0.002179538831114769,3.1194588245853083e-06,0.052344828844070435,0.0,0.0014019935624673963
25,8.82839594851248e-06,0.00018023942539002746,0.00018023942539002746,0.0005544433952309191,0.04929584264755249,0.0005544433952309191,0.004888827446848154,0.0038337563164532185,1.424356460571289,0.08879457414150238,0.013155283406376839,3.0253091608756222e-05,0.10000000149011612,0.0004289508215151727,0.0,0.004992435686290264,1.0935722457361408e-05,0.00031653037876822054,0.00028163602109998465,0.9707831740379333,0.026681238785386086,12.722646713256836,0.018357736989855766,0.5052316784858704,1.0718335033743642e-05,0.0002035981888184324,0.0002035981888184324,0.0004756292328238487,0.052702441811561584,0.0004756292328238487,0.005885939113795757,0.003955102991312742,0.0,0.0880202203989029,0.012785542756319046,2.441406286379788e-05,0.10000000149011612,0.00045547555782832205,0.0,0.005224980879575014,1.3075822607788723e-05,0.0002449968014843762,0.00024317378120031208,0.9826913475990295,0.02542780339717865,12.263453483581543,0.01715000346302986,0.5167033672332764,0.002170868683606386,2.5427805212530075e-06,0.05167034640908241,0.0,0.0019308362388983369,0.0021343755070120096,2.6681213967094664e-06,0.050523195415735245,0.0,0.0010550718288868666
26,8.161076948454138e-06,0.00016792264068499207,0.00016792264068499207,0.0005661105387844145,0.04940299317240715,0.0005661105387844145,0.00496598519384861,0.0038331737741827965,1.4859838485717773,0.08839958906173706,0.012777109630405903,3.465779445832595e-05,0.10000000149011612,0.0004172390035819262,0.0,0.004927073139697313,1.0247115824313369e-05,0.0003197974292561412,0.00028713583014905453,0.9691941738128662,0.02489551343023777,12.30725383758545,0.01851242035627365,0.49421456456184387,5.591189619735815e-06,0.00012094015255570412,0.00012094015255570412,0.0007099917274899781,0.0423787496984005,0.0007099917274899781,0.004451643209904432,0.003229524241760373,0.0,0.09121547639369965,0.011104431003332138,3.9164224290288985e-05,0.10000000149011612,0.00032368337269872427,0.0,0.00416641915217042,7.616178663738538e-06,0.0005095471860840917,0.0003577915485948324,0.9711818099021912,0.013071116991341114,8.449274063110352,0.01976567506790161,0.46014586091041565,0.001880037598311901,1.3071118019070127e-06,0.046014584600925446,0.0,0.0012221194338053465,0.0020824847742915154,2.4895507522160187e-06,0.04942149668931961,0.0,0.0011328114196658134
27,8.199309377232566e-06,0.0001684210292296484,0.0001684210292296484,0.0005524983280338347,0.04906335100531578,0.0005524983280338347,0.004968367982655764,0.003835050156340003,1.486361026763916,0.08756980299949646,0.012841674499213696,2.656046490301378e-05,0.10000000149011612,0.0004160147509537637,0.0,0.004920554347336292,1.0380697858636267e-05,0.00031656742794439197,0.00028034867136739194,0.9728716015815735,0.022579479962587357,11.584080696105957,0.01813645288348198,0.49268925189971924,8.480179531034082e-06,0.0001735407131491229,0.0001735407131491229,0.00044512870954349637,0.051306404173374176,0.00044512870954349637,0.004474337212741375,0.0032226655166596174,0.0,0.08250188827514648,0.012679952196776867,4.821777474717237e-05,0.10000000149011612,0.0004188643943052739,0.0,0.0049010650254786015,9.259189027943648e-06,0.0002578144776634872,0.0002268044336233288,0.975807249546051,0.026324475184082985,12.688446044921875,0.01749536395072937,0.5060308575630188,0.0020546731539070606,2.6324476039008005e-06,0.05060308799147606,0.0,0.001251671463251114,0.0020868023857474327,2.2579463347938145e-06,0.04926899075508118,0.0,0.001133316894993186
28,8.395481017942075e-06,0.00016932794824242592,0.00016932794824242592,0.0005441230605356395,0.04966718703508377,0.0005441230605356395,0.004980890080332756,0.003792492439970374,1.4757150411605835,0.08728451281785965,0.012679189443588257,3.052774991374463e-05,0.10000000149011612,0.00041997464722953737,0.0,0.004980151075869799,1.0460965313541237e-05,0.00030201367917470634,0.00027625937946140766,0.9707881808280945,0.0243426114320755,12.081791877746582,0.018210912123322487,0.49381905794143677,7.340189313254086e-06,0.00015202269423753023,0.00015202269423753023,0.0005548608023673296,0.04793610796332359,0.0005548608023673296,0.005250889807939529,0.003612408647313714,0.0,0.08884218335151672,0.011710002087056637,4.435221489984542e-05,0.10000000149011612,0.00038127973675727844,0.0,0.004646687302738428,8.078001883404795e-06,0.00032539304811507463,0.00028110051061958075,0.9697496891021729,0.02419036626815796,12.104911804199219,0.018741587176918983,0.4989444613456726,0.002022000029683113,2.4190364911191864e-06,0.04989445209503174,0.0,0.0016384816262871027,0.0020818645134568214,2.4342605229321634e-06,0.049381934106349945,0.0,0.0011883967090398073
29,7.4084714469790924e-06,0.0001545233972137794,0.0001545233972137794,0.0005507427849806845,0.04932450130581856,0.0005507427849806845,0.004886163864284754,0.003753600176423788,1.5484291315078735,0.08655914664268494,0.012271585874259472,2.225748721684795e-05,0.10000000149011612,0.0004035097372252494,0.0,0.004856162704527378,9.548807611281518e-06,0.0003043628530576825,0.0002790753496810794,0.9720802903175354,0.02041095681488514,10.926697731018066,0.018358364701271057,0.485632985830307,7.691061910009012e-06,0.00015399583207909018,0.00015399583207909018,0.0004644396249204874,0.05134277790784836,0.0004644396249204874,0.004454465117305517,0.0033006335142999887,0.0,0.08168128877878189,0.011848246678709984,2.4617513190605678e-05,0.10000000149011612,0.0003995877632405609,0.0,0.004886433947831392,8.709035682841204e-06,0.00023464596597477794,0.00023606533068232238,0.9771053791046143,0.02072242461144924,11.308771133422852,0.016770899295806885,0.48920395970344543,0.0020133708603680134,2.072242750728037e-06,0.0489204041659832,0.0,0.0011538316030055285,0.002022945322096348,2.041095967797446e-06,0.04856329783797264,0.0,0.0011325629893690348
30,7.692655344726518e-06,0.0001554084155941382,0.0001554084155941382,0.000539435597602278,0.04925788193941116,0.000539435597602278,0.004607557784765959,0.003682035021483898,1.515415906906128,0.08452881127595901,0.01214796956628561,2.4546305212425068e-05,0.10000000149011612,0.00040405322215519845,0.0,0.0048954784870147705,9.83895552053582e-06,0.00029869787977077067,0.0002735642483457923,0.9708069562911987,0.021131299436092377,11.102767944335938,0.018210796639323235,0.47646665573120117,8.429449735558592e-06,0.00016671493358444422,0.00016671493358444422,0.000479524809634313,0.05291977897286415,0.000479524809634313,0.004620235878974199,0.003476543352007866,0.0,0.08359533548355103,0.011836751364171505,2.726236925809644e-05,0.10000000149011612,0.0004198120441287756,0.0,0.005032950546592474,9.453568054595962e-06,0.00024322567333001643,0.0002439771342324093,0.9799960851669312,0.02846645750105381,13.039925575256348,0.017179159447550774,0.4970161020755768,0.001988569973036647,2.8466456569731236e-06,0.04970160871744156,0.0,0.0011436924105510116,0.0020319039467722178,2.1131309040356427e-06,0.04764667898416519,0.0,0.000925519852899015
31,7.407060820696643e-06,0.00015054638788569719,0.00015054638788569719,0.000526406685821712,0.04960431531071663,0.000526406685821712,0.004626321140676737,0.0036168855149298906,1.475407600402832,0.08344022929668427,0.01194738782942295,3.321329859318212e-05,0.10000000149011612,0.0004009698750451207,0.0,0.004887297283858061,9.4455845101038e-06,0.00028203101828694344,0.0002669069799594581,0.9712338447570801,0.02011394314467907,10.839113235473633,0.017767934128642082,0.4720340967178345,8.516897651134059e-06,0.00017161066352855414,0.00017161066352855414,0.0004767756618093699,0.052139729261398315,0.0004767756618093699,0.005139004439115524,0.003619232214987278,0.0,0.08418118208646774,0.011836344376206398,1.7700194803182967e-05,0.10000000149011612,0.00042094176751561463,0.0,0.005005039274692535,9.97158440441126e-06,0.00023405499814543873,0.00024264627427328378,0.9836611151695251,0.024231256917119026,11.476736068725586,0.016729362308979034,0.4939208924770355,0.00199284334667027,2.4231255792983575e-06,0.04939207434654236,0.0,0.0015197719912976027,0.0020074599888175726,2.0113950540689984e-06,0.04720337688922882,0.0,0.0010094327153638005
32,7.174077381932875e-06,0.0001473599550081417,0.0001473599550081417,0.0005372047889977694,0.04953143373131752,0.0005372047889977694,0.004659099970012903,0.003613139735534787,1.518192172050476,0.08337020128965378,0.011810852214694023,2.2389729565475136e-05,0.10000000149011612,0.0003974305291194469,0.0,0.004853178281337023,9.321891411673278e-06,0.0002916092344094068,0.00027218947070650756,0.9747762680053711,0.019988205283880234,10.55199909210205,0.018248245120048523,0.4653013050556183,1.0532890883041546e-05,0.0001986668648896739,0.0001986668648896739,0.0004042966174893081,0.0553039088845253,0.0004042966174893081,0.004551767837256193,0.0034082045312970877,0.0,0.08076047152280807,0.012366638518869877,1.373290979245212e-05,0.10000000149011612,0.0004630491603165865,0.0,0.0053526973351836205,1.2419006452546455e-05,0.00018991924298461527,0.00020741476328112185,0.9841621518135071,0.02042081207036972,11.634696006774902,0.01641266793012619,0.5071107149124146,0.002187626902014017,2.042080950559466e-06,0.050711072981357574,0.0,0.0011435637716203928,0.0019940300844609737,1.9988210624433123e-06,0.04653008654713631,0.0,0.0010459615150466561
33,6.980589660088299e-06,0.00014388027193490416,0.00014388027193490416,0.0005233744741417468,0.04946538060903549,0.0005233744741417468,0.004527094773948193,0.0035882366355508566,1.4543797969818115,0.08228636533021927,0.011776560917496681,2.1158853996894322e-05,0.10000000149011612,0.0003936338471248746,0.0,0.004838007036596537,9.048349056683946e-06,0.00027779629454016685,0.0002651775721460581,0.974683940410614,0.01828969269990921,10.110970497131348,0.01790878362953663,0.4642576575279236,6.724550075887237e-06,0.00012798450188711286,0.00012798450188711286,0.000565076363272965,0.05132788419723511,0.000565076363272965,0.004485292360186577,0.0033293652813881636,0.0,0.08293911069631577,0.010316670872271061,3.936767461709678e-05,0.10000000149011612,0.00037362976581789553,0.0,0.00482122041285038,7.537054898421047e-06,0.0002463416603859514,0.0002859003725461662,0.9812802672386169,0.020702384412288666,10.627060890197754,0.018615782260894775,0.4512251913547516,0.0019095232710242271,2.0702382244053297e-06,0.04512251541018486,0.0,0.001155927311629057,0.0019873790442943573,1.828968379413709e-06,0.04642575606703758,0.0,0.000938855460844934
34,6.9404654823301826e-06,0.00014302499766927212,0.00014302499766927212,0.0005492485943250358,0.04983973875641823,0.0005492485943250358,0.004669292829930782,0.003656383603811264,1.5426827669143677,0.08347548544406891,0.011750315316021442,1.7740885596140288e-05,0.10000000149011612,0.00039467893657274544,0.0,0.004847435280680656,9.161849447991699e-06,0.0002999653806909919,0.000278094521490857,0.978640079498291,0.017736198380589485,10.067998886108398,0.01831630803644657,0.4601658880710602,6.6109801082347985e-06,0.00013933716400060803,0.00013933716400060803,0.0004857956664636731,0.05014771223068237,0.0004857956664636731,0.004272559657692909,0.0032283682376146317,0.0,0.08105424046516418,0.011051737703382969,1.678466833254788e-05,0.10000000149011612,0.00037926589720882475,0.0,0.004697251599282026,7.580977580801118e-06,0.0002746746176853776,0.0002462033007759601,0.9770811200141907,0.02149580791592598,10.902978897094727,0.01692976988852024,0.47604379057884216,0.0018604019423946738,2.1495802684512455e-06,0.047604385763406754,0.0,0.0010441903723403811,0.001978253712877631,1.7736201698426157e-06,0.04601656273007393,0.0,0.001012911438010633
35,6.442048743338091e-06,0.00013620327808894217,0.00013620327808894217,0.0005266487714834511,0.04973713308572769,0.0005266487714834511,0.00446356600150466,0.003574769478291273,1.4520455598831177,0.0815180242061615,0.011594767682254314,1.4160155842546374e-05,0.10000000149011612,0.0003873719833791256,0.0,0.004802413284778595,8.536674613424111e-06,0.0002870355383493006,0.00026654565590433776,0.9773342609405518,0.018582085147500038,10.204207420349121,0.01808568648993969,0.45638927817344666,1.0025436495197937e-05,0.00018350215395912528,0.00018350215395912528,0.000530546996742487,0.05270536616444588,0.000530546996742487,0.007514821831136942,0.004413240123540163,0.0,0.09187432378530502,0.011557922698557377,3.1534830213786336e-06,0.10000000149011612,0.00043549001566134393,0.0,0.005219292361289263,1.3825901987729594e-05,0.0002259946777485311,0.000270286196609959,0.9837291240692139,0.013996119610965252,8.76167106628418,0.017292894423007965,0.495748370885849,0.002049954142421484,1.3996119605508284e-06,0.0495748408138752,0.0,0.003101581707596779,0.001951587270013988,1.858209770944086e-06,0.04563894867897034,0.0,0.000888798909727484
36,6.098121048125904e-06,0.00012820499250665307,0.00012820499250665307,0.0004991940804757178,0.04971596226096153,0.0004991940804757178,0.0042778924107551575,0.0034208695869892836,1.3775640726089478,0.07840143889188766,0.011288869194686413,1.218668603542028e-05,0.10000000149011612,0.0003793070209212601,0.0,0.004763765260577202,8.204860932892188e-06,0.000263019377598539,0.00025264601572416723,0.980227530002594,0.015630953013896942,9.461234092712402,0.017537252977490425,0.4430820643901825,8.855782652972266e-06,0.00016907922690734267,0.00016907922690734267,0.0004527299606706947,0.05509554222226143,0.0004527299606706947,0.004407983273267746,0.003286897437646985,0.0,0.08036549389362335,0.011744283139705658,1.6377767678932287e-05,0.10000000149011612,0.0004326037014834583,0.0,0.00518747279420495,9.889062312140595e-06,0.0002331979339942336,0.00023079286620486528,0.9912189245223999,0.02857411652803421,12.71497917175293,0.017075417563319206,0.48224297165870667,0.0020457759965211153,2.8574111183843343e-06,0.04822429269552231,0.0,0.0011210865341126919,0.0019069999689236283,1.5630943153155386e-06,0.04430815950036049,0.0,0.0008570242789573967
37,6.3516040427202825e-06,0.00013097678311169147,0.00013097678311169147,0.0005167904309928417,0.04986947774887085,0.0005167904309928417,0.0044355373829603195,0.003469887189567089,1.4567722082138062,0.07983959466218948,0.011246754787862301,1.8544515114626847e-05,0.10000000149011612,0.00038284205948002636,0.0,0.004802526440471411,8.50143169373041e-06,0.000272179429885,0.0002615709090605378,0.9744942784309387,0.016383977606892586,9.649569511413574,0.01787511073052883,0.4452906548976898,1.021485422825208e-05,0.00019139731011819094,0.00019139731011819094,0.0003829592023976147,0.056948643177747726,0.0003829592023976147,0.003895227564498782,0.003024646546691656,0.0,0.07782122492790222,0.012515868991613388,4.150390668655746e-05,0.10000000149011612,0.0004637054225895554,0.0,0.005412795580923557,1.1062717931054067e-05,0.0001996850041905418,0.00019658709061332047,0.9815987944602966,0.033415745943784714,14.185935974121094,0.015846310183405876,0.5015796422958374,0.0021142049226909876,3.34157425641024e-06,0.05015796795487404,0.0,0.0008705805521458387,0.0019173113396391273,1.6383983165724203e-06,0.04452906921505928,0.0,0.0009656495531089604
38,6.558301265613409e-06,0.00013609687448479235,0.00013609687448479235,0.0005282560014165938,0.0502486415207386,0.0005282560014165938,0.005052102729678154,0.003632686333730817,1.5277812480926514,0.08259975165128708,0.01141452044248581,1.1301676750008482e-05,0.10000000149011612,0.00038985625724308193,0.0,0.004846145864576101,8.774812158662826e-06,0.0002792944433167577,0.00026740715838968754,0.9763417840003967,0.018029160797595978,10.031996726989746,0.018056947737932205,0.4546504020690918,5.314982445270289e-06,0.00011712720151990652,0.00011712720151990652,0.0004206527373753488,0.04980677738785744,0.0004206527373753488,0.0038212817162275314,0.0030166367068886757,0.0,0.07307194918394089,0.010536499321460724,6.408691206161166e-06,0.10000000149011612,0.00035552671761251986,0.0,0.004549507051706314,6.71925272399676e-06,0.00023924866400193423,0.00021298386855050921,0.9841652512550354,0.01181221567094326,8.112807273864746,0.015871940180659294,0.4388384222984314,0.0017932555638253689,1.1812217053375207e-06,0.04388384893536568,0.0,0.0008046444272622466,0.0019473013235256076,1.8029154489340726e-06,0.04546504095196724,0.0,0.0014194167451933026
39,5.765249625255819e-06,0.00012259087816346437,0.00012259087816346437,0.0005140100256539881,0.04984654486179352,0.0005140100256539881,0.004194347187876701,0.003394356230273843,1.4687429666519165,0.07809790968894958,0.01105695590376854,1.0884602488658857e-05,0.09999998658895493,0.00037438274011947215,0.0,0.004736876580864191,7.985232514329255e-06,0.000273675424978137,0.000259887776337564,0.9824479818344116,0.01544194482266903,9.040170669555664,0.01801508106291294,0.4343721866607666,6.46220860289759e-06,0.00012873313971795142,0.00012873313971795142,0.0004279081476852298,0.05283871665596962,0.0004279081476852298,0.004040587227791548,0.0031434837728738785,0.0,0.07440357655286789,0.010463561862707138,4.0690105151952594e-07,0.09999998658895493,0.0003816234820988029,0.0,0.004864763468503952,8.033042831812054e-06,0.00020900589879602194,0.00021718516654800624,0.990214467048645,0.015434017404913902,8.644643783569336,0.01615510880947113,0.4438530206680298,0.0018806905718520284,1.5434019360327511e-06,0.04438530281186104,0.0,0.0008971037459559739,0.0018920728471130133,1.5441936511706444e-06,0.043437208980321884,0.0,0.0007999916560947895
40,6.4175351326412056e-06,0.00013303484593052417,0.00013303484593052417,0.0005153691163286567,0.04967588186264038,0.0005153691163286567,0.0042589507065713406,0.003433377016335726,1.4309040307998657,0.07955548912286758,0.011299245059490204,1.754760705807712e-05,0.10000000149011612,0.00038390973350033164,0.0,0.004802396986633539,8.453104783257004e-06,0.0002665794163476676,0.00026089322636835277,0.9804738163948059,0.01711454801261425,9.815987586975098,0.017725517973303795,0.44671499729156494,9.436760592507198e-06,0.00017729921091813594,0.00017729921091813594,0.0003746883594430983,0.05654376000165939,0.0003746883594430983,0.0036818734370172024,0.003008544445037842,0.0,0.07565250992774963,0.011754150502383709,8.138021257764194e-06,0.10000000149011612,0.0004477323964238167,0.0,0.005333929788321257,1.0858442692551762e-05,0.00016605707060080022,0.00019206250726711005,0.9842482209205627,0.024865876883268356,12.432265281677246,0.016155464574694633,0.4890311062335968,0.0020081361290067434,2.4865876184776425e-06,0.048903096467256546,0.0,0.0006733277696184814,0.0019184546545147896,1.7114534784923308e-06,0.04467151314020157,0.0,0.0008255766006186604
41,6.1708865359833e-06,0.00012515463458839804,0.00012515463458839804,0.00050759018631652,0.04983643814921379,0.00050759018631652,0.004246303346008062,0.003400989808142185,1.4760081768035889,0.07765528559684753,0.010884430259466171,1.6560872609261423e-05,0.10000000149011612,0.00037688208976760507,0.0,0.004797189962118864,8.405843800574075e-06,0.0002565222966950387,0.000256880623055622,0.9769940972328186,0.015804897993803024,9.347097396850586,0.017779961228370667,0.43208086490631104,3.829140496236505e-06,9.22802064451389e-05,9.22802064451389e-05,0.000495443120598793,0.0468314103782177,0.000495443120598793,0.003325321013107896,0.002729841275140643,0.0,0.07437415421009064,0.009838460013270378,2.136230477844947e-06,0.10000000149011612,0.00031652385951019824,0.0,0.004218229092657566,5.5202399380505085e-06,0.0003039372677449137,0.0002496361266821623,0.9864382743835449,0.008034128695726395,6.623585224151611,0.016866255551576614,0.4244963824748993,0.0016739965649321675,8.03412831373862e-07,0.04244964197278023,0.0,0.0005954800290055573,0.0019020402105525136,1.580490334163187e-06,0.04320809245109558,0.0,0.0008453126065433025
42,5.713374775950797e-06,0.00011929874017369002,0.00011929874017369002,0.0005256159929558635,0.0499713197350502,0.0005256159929558635,0.004177394788712263,0.0034177678171545267,1.4970985651016235,0.07790341973304749,0.010828369297087193,1.221720413013827e-05,0.10000000149011612,0.0003717387153301388,0.0,0.0047532920725643635,8.010979399841744e-06,0.0002829889999702573,0.0002656645083334297,0.9835830926895142,0.015508322045207024,9.030389785766602,0.018150262534618378,0.42689579725265503,7.708360499236733e-06,0.00015959021402522922,0.00015959021402522922,0.00047746888594701886,0.050284493714571,0.00047746888594701886,0.004297515843063593,0.0032898865174502134,0.0,0.0810784250497818,0.011813253164291382,1.220703143189894e-05,0.10000000149011612,0.00040007795905694366,0.0,0.004828652832657099,8.702900231583044e-06,0.00026177027029916644,0.00024258859048131853,0.9817513823509216,0.016576992347836494,9.912339210510254,0.01606772653758526,0.47952401638031006,0.001977758016437292,1.6576991583860945e-06,0.04795239120721817,0.0,0.0010076293256133795,0.0018788910238072276,1.550832507746236e-06,0.042689625173807144,0.0,0.0007596267387270927
43,5.515919383469736e-06,0.00011587576591409743,0.00011587576591409743,0.0004971937160007656,0.04988731071352959,0.0004971937160007656,0.003917613998055458,0.0032401438802480698,1.3961597681045532,0.07520964741706848,0.010707743465900421,1.902262374642305e-05,0.10000000149011612,0.0003679080109577626,0.0,0.0047263819724321365,7.573086804768536e-06,0.0002592509554233402,0.0002513549698051065,0.9832435250282288,0.014405573718249798,8.859161376953125,0.01754290796816349,0.41970741748809814,5.524692369363038e-06,0.00011306729720672593,0.00011306729720672593,0.0004070465511176735,0.05222954973578453,0.0004070465511176735,0.0034926775842905045,0.002792002633213997,0.0,0.07063281536102295,0.010089213028550148,2.2379556412488455e-06,0.10000000149011612,0.0003631102154031396,0.0,0.00475712725892663,6.798439244448673e-06,0.00019674128270708025,0.00020628566562663764,0.9860028028488159,0.012804596684873104,8.168207168579102,0.015413799323141575,0.42814093828201294,0.0017976855160668492,1.2804597417925834e-06,0.04281408712267876,0.0,0.0007006749510765076,0.0018602530471980572,1.4405563888431061e-06,0.04197070375084877,0.0,0.0006774692446924746
44,5.692690137948375e-06,0.0001176407968159765,0.0001176407968159765,0.0005164516041986644,0.04981253668665886,0.0005164516041986644,0.004124071914702654,0.00336205936037004,1.462301254272461,0.07702025771141052,0.010752166621387005,2.001953180297278e-05,0.10000000149011612,0.000369285378837958,0.0,0.0047469669952988625,7.841886144888122e-06,0.0002564437745604664,0.0002610721858218312,0.981860339641571,0.014851338230073452,8.831341743469238,0.01795373298227787,0.4239916205406189,6.410803962353384e-06,0.00012962191249243915,0.00012962191249243915,0.0004121188831049949,0.05505460500717163,0.0004121188831049949,0.003960365429520607,0.0031235869973897934,0.0,0.07373977452516556,0.010318094864487648,7.222493422887055e-06,0.10000000149011612,0.0003931392857339233,0.0,0.00496218865737319,7.952653504617047e-06,0.00018348013691138476,0.0002092648355755955,0.9832838177680969,0.010897086933255196,8.291545867919922,0.015864981338381767,0.44700032472610474,0.001844253740273416,1.0897088031924795e-06,0.044700030237436295,0.0,0.0008367777336388826,0.0018731113523244858,1.4851337937216158e-06,0.042399149388074875,0.0,0.0007620145916007459
45,5.40431528861518e-06,0.00011161494330735877,0.00011161494330735877,0.0004971626913174987,0.05026586353778839,0.0004971626913174987,0.004104019608348608,0.0033923224546015263,1.4591964483261108,0.0754326656460762,0.010458282195031643,1.98567704501329e-05,0.10000000149011612,0.0003655854088719934,0.0,0.004750387743115425,7.432601705659181e-06,0.00024962626048363745,0.0002512835490051657,0.9768894910812378,0.014834299683570862,8.895561218261719,0.017619578167796135,0.4183770716190338,6.031140401319135e-06,0.00012682189117185771,0.00012682189117185771,0.00043304578866809607,0.051715344190597534,0.00043304578866809607,0.0035144260618835688,0.002907745772972703,0.0,0.07341095060110092,0.010702311061322689,3.662109293145477e-06,0.10000000149011612,0.0003743316337931901,0.0,0.0047285351902246475,6.759715688531287e-06,0.00022212900512386113,0.0002195384877268225,0.9855764508247375,0.015008892863988876,9.637221336364746,0.016207806766033173,0.4419786036014557,0.0019428678788244724,1.5008891978141037e-06,0.04419784992933273,0.0,0.0006066810456104577,0.0018643731018528342,1.4834301964583574e-06,0.041837744414806366,0.0,0.0007116955239325762
46,5.512827556231059e-06,0.00011637746501946822,0.00011637746501946822,0.0005065934383310378,0.05017028748989105,0.0005065934383310378,0.004029067233204842,0.0032863880041986704,1.4272487163543701,0.07634785771369934,0.010756611824035645,9.12475570657989e-06,0.10000000149011612,0.0003698401851579547,0.0,0.004737458191812038,7.664782970095985e-06,0.0002553272934164852,0.00025605314294807613,0.9816402792930603,0.01494026742875576,8.955080032348633,0.017820755019783974,0.4241993725299835,5.219794275035383e-06,0.00010912612924585119,0.00010912612924585119,0.0004773246473632753,0.052872005850076675,0.0004773246473632753,0.0033229091204702854,0.0026780248153954744,0.0,0.07339636981487274,0.009985249489545822,3.753662167582661e-05,0.10000000149011612,0.0003622702497523278,0.0,0.004777420777827501,6.756585207767785e-06,0.00023173054796643555,0.00024127222422976047,0.9822978377342224,0.014890437945723534,8.885054588317871,0.01693047024309635,0.4238334894180298,0.0018537838477641344,1.4890438251313753e-06,0.0423833504319191,0.0,0.0006448838394135237,0.0018691250588744879,1.4940259234208497e-06,0.0424199216067791,0.0,0.0007426775409840047
47,5.211650659475708e-06,0.00010904203372774646,0.00010904203372774646,0.0005134855746291578,0.0499143972992897,0.0005134855746291578,0.00400560162961483,0.0032886601984500885,1.428286075592041,0.07550394535064697,0.010380909778177738,1.3885498447052669e-05,0.10000000149011612,0.00036124582402408123,0.0,0.004708093125373125,7.354043646046193e-06,0.0002617158752400428,0.0002593484241515398,0.9789000153541565,0.013613378629088402,8.409819602966309,0.017713429406285286,0.4128745496273041,4.931720923195826e-06,0.00010520412615733221,0.00010520412615733221,0.0004482146759983152,0.05133810266852379,0.0004482146759983152,0.003932738211005926,0.0030084967147558928,0.0,0.07208796590566635,0.009974873624742031,1.53605142259039e-05,0.10000000149011612,0.00035100782406516373,0.0,0.00464386073872447,6.393935564119602e-06,0.00022430045646615326,0.00022657316003460437,0.9845321774482727,0.013000586070120335,8.56722640991211,0.016807500272989273,0.4133319556713104,0.0018316012574359775,1.300058556807926e-06,0.04133319482207298,0.0,0.0009242416708730161,0.0018473322270438075,1.3613375813292805e-06,0.04128745570778847,0.0,0.0007169399177655578
48,4.701864327216754e-06,0.00010057208419311792,0.00010057208419311792,0.0004790965758729726,0.050090428441762924,0.0004790965758729726,0.00413240073248744,0.0032218871638178825,1.4181874990463257,0.07286293804645538,0.010177835822105408,1.4048258890397847e-05,0.10000000149011612,0.00035371046396903694,0.0,0.004668704234063625,6.705615760438377e-06,0.00023562466958537698,0.00024189923715312034,0.98134446144104,0.013049045577645302,8.148106575012207,0.017283610999584198,0.4016458988189697,6.753242814738769e-06,0.00012648549454752356,0.00012648549454752356,0.0004234895168337971,0.056251637637615204,0.0004234895168337971,0.003831959329545498,0.0030784085392951965,0.0,0.07089470326900482,0.009990030899643898,1.2613932085514534e-05,0.10000000149011612,0.0003957610751967877,0.0,0.005091910250484943,7.849623216316104e-06,0.00018053356325253844,0.00021512135572265834,0.9849342107772827,0.022565586492419243,10.871986389160156,0.016380203887820244,0.41528022289276123,0.0019481475464999676,2.25655890062626e-06,0.04152803122997284,0.0,0.0007535498007200658,0.0018017769325524569,1.3049050266999984e-06,0.04016462340950966,0.0,0.0009105131612159312
49,5.194634923100239e-06,0.00010924026719294488,0.00010924026719294488,0.000503700808621943,0.04989384114742279,0.000503700808621943,0.004331248812377453,0.003325199708342552,1.4584916830062866,0.07558116316795349,0.010546722449362278,1.1108398211945314e-05,0.10000000149011612,0.000361339160008356,0.0,0.004707548301666975,7.36459924155497e-06,0.00024968679645098746,0.00025444774655625224,0.9778854846954346,0.014301416464149952,8.57580280303955,0.017721761018037796,0.41215401887893677,5.477376816998003e-06,0.0001142912806244567,0.0001142912806244567,0.0004976335330866277,0.050823815166950226,0.0004976335330866277,0.003685971722006798,0.0028950036503374577,0.0,0.07575865834951401,0.009907023049890995,8.341471584571991e-06,0.10000000149011612,0.00035758395097218454,0.0,0.004676581360399723,7.043373898341088e-06,0.0002371267619309947,0.0002515554369892925,0.9835191369056702,0.011690284125506878,8.292906761169434,0.016424553468823433,0.4298582077026367,0.0018204743973910809,1.1690284509313642e-06,0.04298582673072815,0.0,0.0007909679552540183,0.0018435850506648421,1.4301414239525911e-06,0.04121541976928711,0.0,0.0010060466593131423
