sample_id,mae_nt,rmse_nt,max_abs_error_nt,relative_l2,correlation,python_vs_stored_rmse_nt,passed
sample_001100,1.7466108662343772e-16,8.507205644511679e-16,2.1316282072803006e-14,1.4536136391877313e-16,1.0,1.4817125163645759e-07,True
sample_001101,7.719738919473877e-16,2.8571537661134184e-15,4.263256414560601e-14,1.8578381327832546e-16,1.0,3.6376761358257095e-07,True
sample_001102,3.4637729440593204e-16,1.4795532578766992e-15,2.842170943040401e-14,1.4212560617079904e-16,1.0,2.7238663085197086e-07,True
sample_001103,2.1989599086388546e-15,8.954833734233726e-15,1.7053025658242404e-13,2.0038197754525486e-16,1.0,1.3067511741266334e-06,True
sample_001104,2.484097709873462e-16,6.949943622111745e-16,7.105427357601002e-15,1.888323345465315e-16,1.0,9.62271333866342e-08,True
sample_001105,1.2707548053922152e-16,4.673932956701247e-16,7.105427357601002e-15,1.5952301941590244e-16,0.9999999999999999,7.7104161428234e-08,True
sample_001106,3.017518568755093e-16,8.626385584300354e-16,7.105427357601002e-15,1.4485662026737086e-16,1.0,1.4416467968491721e-07,True
sample_001107,1.0572107788663652e-17,3.206276734693239e-17,4.440892098500626e-16,1.4956750268648047e-16,0.9999999999999999,5.567502832459094e-09,True
sample_001108,7.334398165265964e-15,2.91662728454489e-14,4.547473508864641e-13,2.5976858051533693e-16,1.0,2.9266893648442236e-06,True
sample_001109,4.391825943375208e-15,1.839027119393539e-14,2.8421709430404007e-13,2.98964635444009e-16,1.0,1.5069294955208531e-06,True
sample_001110,5.2646980261224637e-17,1.7913542015905701e-16,2.6645352591003757e-15,1.5115019321949367e-16,0.9999999999999998,2.7254377008704234e-08,True
sample_001111,8.192143702550012e-16,3.129433455593943e-15,5.684341886080802e-14,1.8296604494443364e-16,0.9999999999999998,4.4805099392626816e-07,True
sample_001112,1.5226182998386464e-15,5.055745086052814e-15,8.526512829121202e-14,2.2198788919300194e-16,1.0,6.013227064383026e-07,True
sample_001113,2.520794342709846e-16,8.522954899993108e-16,1.4210854715202004e-14,1.509332805210305e-16,0.9999999999999999,1.4443458790565935e-07,True
sample_001114,1.9261670405630785e-16,5.895193076539574e-16,7.105427357601002e-15,1.6223264062003424e-16,0.9999999999999998,9.393469518934762e-08,True
sample_001115,3.188822181508741e-16,1.1547684367790339e-15,2.1316282072803006e-14,1.9772935964900233e-16,0.9999999999999999,1.414097598049147e-07,True
sample_001116,2.045141679252839e-15,7.744228024904643e-15,1.1368683772161603e-13,2.466147002074973e-16,0.9999999999999999,7.221757183269978e-07,True
sample_001117,3.4296478583235846e-15,1.006295778221078e-14,1.4210854715202004e-13,2.2690751847117137e-16,1.0,1.0598519862866354e-06,True
sample_001118,1.0872242559073022e-16,9.385218422352788e-16,2.842170943040401e-14,1.7262216711120052e-16,0.9999999999999999,1.4013123732048462e-07,True
sample_001119,5.718977579647174e-16,1.4464128966386852e-15,2.1316282072803006e-14,2.687415177867451e-16,1.0,1.3802172733214706e-07,True
sample_001120,3.657863145133098e-16,1.1190959646834636e-15,1.4210854715202004e-14,1.720654651960821e-16,1.0,1.6809424694612007e-07,True
sample_001121,2.3709196281301396e-16,1.0783710363505695e-15,2.1316282072803006e-14,1.6389218006051763e-16,1.0,1.6469425415412138e-07,True
sample_001122,2.1675767753200704e-16,1.2571769059481369e-15,2.842170943040401e-14,1.8635148805736192e-16,1.0,1.7905791771494703e-07,True
sample_001123,8.187138624756956e-16,2.7879674320326775e-15,4.263256414560601e-14,1.589383979851126e-16,1.0,4.3404434321018304e-07,True
sample_001124,8.737572046785823e-18,2.62740116384155e-17,4.440892098500626e-16,1.4209514166991748e-16,1.0,4.8443367038060185e-09,True
sample_001125,1.2952793643416047e-16,5.102572678555832e-16,7.105427357601002e-15,1.380377971514257e-16,0.9999999999999998,9.672342033473711e-08,True
sample_001126,1.6140922437892973e-15,4.803668734503664e-15,7.105427357601002e-14,2.736632875839936e-16,1.0,4.3960456627720565e-07,True
sample_001127,5.015703337895409e-18,1.5004284561458408e-17,2.220446049250313e-16,1.3726048547457618e-16,0.9999999999999998,2.7473259823887344e-09,True
sample_001128,4.67530087162989e-17,2.1154178044169467e-16,3.552713678800501e-15,1.2513267257659264e-16,1.0,3.736004240547921e-08,True
sample_001129,1.5648048195419523e-17,8.75269065970623e-17,1.7763568394002505e-15,1.775672167123112e-16,0.9999999999999999,1.3407951556890153e-08,True
sample_001130,1.3568625765372804e-16,5.572322375048162e-16,1.0658141036401503e-14,1.8990241770540252e-16,1.0,7.474981979081827e-08,True
sample_001131,2.6245631161615477e-16,7.017474689864358e-16,7.105427357601002e-15,1.6528638661811874e-16,1.0,1.101346089156575e-07,True
sample_001132,7.536838094638987e-16,4.573628147476141e-15,1.1368683772161603e-13,1.727490614683723e-16,0.9999999999999999,6.868874851172459e-07,True
sample_001133,9.825290935851606e-18,2.959692378494837e-17,3.3306690738754696e-16,1.6760987791083247e-16,1.0,4.288108267990994e-09,True
sample_001134,1.8685745384397478e-15,7.525646728218757e-15,1.7053025658242404e-13,1.9893386832046063e-16,0.9999999999999998,9.644769958110892e-07,True
sample_001135,1.0928720882758955e-15,4.076883706065814e-15,5.684341886080802e-14,1.7378222906538368e-16,0.9999999999999999,6.289528382428409e-07,True
sample_001136,4.913610855685544e-16,1.5126841075672547e-15,2.1316282072803006e-14,2.1077448276697588e-16,0.9999999999999999,1.9155720896202875e-07,True
sample_001137,6.244675419075642e-16,1.7783198404457803e-15,2.842170943040401e-14,1.9709740605882307e-16,1.0,2.3177920736145547e-07,True
sample_001138,5.3131871959856586e-17,1.4740957774123592e-16,1.7763568394002505e-15,1.694379056606159e-16,0.9999999999999999,2.324724306745966e-08,True
sample_001139,4.143777407862492e-17,1.2040059635795383e-16,1.7763568394002505e-15,1.8798586290393317e-16,0.9999999999999998,1.6357311996540247e-08,True
sample_001140,1.0775036174993938e-16,4.088209200754434e-16,7.105427357601002e-15,1.4496640701896088e-16,1.0,7.292370833576043e-08,True
sample_001141,4.660866986100563e-16,1.7246361880633298e-15,3.552713678800501e-14,2.542588990232008e-16,1.0,1.6667133769813075e-07,True
sample_001142,1.769586632217525e-15,5.9235496188052124e-15,8.526512829121202e-14,1.9068233744703748e-16,0.9999999999999999,7.584194271500755e-07,True
sample_001143,2.7315911391618503e-15,1.0908823575065433e-14,1.7053025658242404e-13,1.7864687538656292e-16,1.0,1.5385122169367016e-06,True
sample_001144,1.7440028981371105e-16,6.121336856766853e-16,7.105427357601002e-15,1.5004730468266188e-16,0.9999999999999998,9.751689923237437e-08,True
sample_001145,3.069372880066313e-17,1.2780743646289553e-16,1.7763568394002505e-15,1.4966428370817952e-16,1.0,2.159067028658794e-08,True
sample_001146,5.1515549772796994e-17,1.808246624357994e-16,2.6645352591003757e-15,1.6571734803789622e-16,0.9999999999999998,2.612570065942401e-08,True
sample_001147,1.5691698859016847e-16,5.437605244118237e-16,7.105427357601002e-15,1.371114449549371e-16,1.0,9.518445928041707e-08,True
sample_001148,9.201021172845145e-17,2.7464467320403864e-16,3.552713678800501e-15,1.3704593355483144e-16,1.0,5.118838585342499e-08,True
sample_001149,3.4685955863702206e-16,1.4350424800293508e-15,2.842170943040401e-14,1.4533497393818233e-16,1.0,2.5284478274533543e-07,True
sample_001150,2.5882941491112325e-16,1.7678884673418743e-15,5.684341886080802e-14,1.4605030362718757e-16,1.0,2.799426223853034e-07,True
sample_001151,4.941065412755615e-16,1.743043709550326e-15,2.842170943040401e-14,1.5379885533597528e-16,1.0,2.8522526713631365e-07,True
sample_001152,1.6012068124646727e-17,6.745587491956595e-17,8.881784197001252e-16,1.2793730578616054e-16,1.0,1.313695512895943e-08,True
sample_001153,1.1427223193757097e-16,5.06919690422614e-16,1.0658141036401503e-14,1.7648196778974008e-16,1.0,7.039983113574098e-08,True
sample_001154,3.8004325084490885e-16,1.0361041883330798e-15,1.0658141036401503e-14,1.839178036296271e-16,0.9999999999999999,1.3282508888452832e-07,True
sample_001155,2.9698434180813e-16,1.4905040907043154e-15,2.842170943040401e-14,1.3951167058246385e-16,1.0,2.722269674134566e-07,True
sample_001156,1.7764241951090609e-16,7.2364908082584675e-16,1.4210854715202004e-14,1.4516865225825167e-16,0.9999999999999998,1.3267945511914948e-07,True
sample_001157,2.3166805016882313e-15,7.152896963732308e-15,1.4210854715202004e-13,2.5341459382800027e-16,1.0,7.401447470288959e-07,True
sample_001158,1.0607582215313025e-15,3.5378775653000833e-15,5.684341886080802e-14,2.2117630996015165e-16,0.9999999999999999,4.1093396982419724e-07,True
sample_001159,1.3257406696770033e-15,5.0114888497652026e-15,8.526512829121202e-14,2.0731798578069496e-16,1.0,6.294285448124691e-07,True
sample_001160,2.2271131407257333e-15,9.507667247037306e-15,1.7053025658242404e-13,1.788475477734222e-16,0.9999999999999999,1.3522506550186023e-06,True
sample_001161,1.2212632731867322e-16,4.3675669865491744e-16,7.105427357601002e-15,1.4142260703114707e-16,1.0,8.132702848520825e-08,True
sample_001162,2.8937228741499293e-16,7.575757276863697e-16,7.105427357601002e-15,2.110362999055587e-16,1.0,9.061304973924551e-08,True
sample_001163,5.360028497526337e-16,2.9790151403122707e-15,8.526512829121202e-14,1.681807776962781e-16,1.0,4.072325105680376e-07,True
sample_001164,6.223204795395139e-17,2.4265167700935825e-16,3.552713678800501e-15,1.4072074883134173e-16,0.9999999999999999,4.366583270495173e-08,True
sample_001165,1.1485648817915606e-16,3.984906091084542e-16,7.105427357601002e-15,1.329639312635713e-16,1.0,7.878330378174079e-08,True
sample_001166,7.123708979308507e-16,3.828947613934575e-15,5.684341886080802e-14,2.0743851897316897e-16,0.9999999999999998,4.35808769259878e-07,True
sample_001167,4.5508101374976006e-17,1.2187689825244766e-16,1.7763568394002505e-15,1.7489766303327463e-16,0.9999999999999998,1.7553131726393883e-08,True
sample_001168,1.3881973247934059e-15,5.523609459641735e-15,8.526512829121202e-14,2.132227660901797e-16,1.0,6.423615847732016e-07,True
sample_001169,2.0216971334003258e-16,1.0632445521050935e-15,2.1316282072803006e-14,1.3459562200740112e-16,0.9999999999999999,2.161111993438373e-07,True
sample_001170,3.3287098754366665e-16,1.4468636371209921e-15,2.842170943040401e-14,1.582962597028726e-16,1.0,2.4199904384887804e-07,True
sample_001171,1.601180438639535e-15,6.289818754768198e-15,1.1368683772161603e-13,1.758799509424401e-16,1.0,9.331367620595911e-07,True
sample_001172,9.957638624181883e-16,3.3860129530677355e-15,7.105427357601002e-14,2.3787013191220296e-16,0.9999999999999999,3.578689395129505e-07,True
sample_001173,3.2503273959258137e-16,1.085637635077879e-15,1.4210854715202004e-14,1.6200316929431404e-16,1.0,1.8215043632663813e-07,True
sample_001174,4.637256133120114e-16,1.7516580061058512e-15,2.842170943040401e-14,1.6197306595013744e-16,1.0,2.8872698092745393e-07,True
sample_001175,4.071818508118269e-16,1.0957544765094312e-15,1.4210854715202004e-14,1.8018352161956875e-16,0.9999999999999999,1.4146213721316873e-07,True
sample_001176,9.130858205003157e-16,4.01545568384664e-15,8.526512829121202e-14,1.8859656899389466e-16,1.0,5.170125236030763e-07,True
sample_001177,5.453895519084223e-16,2.341213864422113e-15,4.263256414560601e-14,1.7185526122538972e-16,1.0,3.3678003870721556e-07,True
sample_001178,2.2151521152771772e-16,8.326444212200356e-16,1.4210854715202004e-14,2.1923508362596076e-16,1.0,9.406464186431659e-08,True
sample_001179,8.875922465639812e-16,2.894127858515613e-15,4.263256414560601e-14,1.8724557091777406e-16,1.0,3.8838519314659724e-07,True
sample_001180,4.635881257022707e-16,1.9528424046136853e-15,3.552713678800501e-14,2.0411463294175053e-16,0.9999999999999998,2.648601531474659e-07,True
sample_001181,8.448573958671163e-16,2.198981356199847e-15,2.842170943040401e-14,2.083789309092604e-16,1.0,2.676254323278584e-07,True
sample_001182,4.7057943675739156e-17,2.124498785305949e-16,3.552713678800501e-15,1.814652839903987e-16,1.0,3.046548433748791e-08,True
sample_001183,2.8704973830756277e-16,8.989442850614962e-16,1.4210854715202004e-14,1.636510625701733e-16,1.0,1.377523982245905e-07,True
sample_001184,6.128925311008032e-16,2.066759815578307e-15,2.842170943040401e-14,2.2080785956241392e-16,1.0,2.1005952271524537e-07,True
sample_001185,1.662186863872424e-16,4.499728085457586e-16,5.329070518200751e-15,2.302453241210456e-16,1.0,5.0639786958637353e-08,True
sample_001186,6.049677915452248e-17,1.7182199485626844e-16,2.6645352591003757e-15,1.9828294090467244e-16,1.0,2.1505856805412254e-08,True
sample_001187,3.079506972800629e-16,8.652469252973647e-16,1.0658141036401503e-14,1.6377001176135055e-16,0.9999999999999998,1.2513866405509072e-07,True
sample_001188,5.741899011584548e-17,2.4710423949035127e-16,3.552713678800501e-15,1.5391909780724028e-16,0.9999999999999999,4.0810968048211485e-08,True
sample_001189,3.3309466930874456e-16,9.153111871839984e-16,1.0658141036401503e-14,1.6545982657800488e-16,1.0,1.371965252160337e-07,True
sample_001190,8.615201009699259e-16,3.4057906367709738e-15,5.684341886080802e-14,1.4623377425577195e-16,1.0,5.994256611792842e-07,True
sample_001191,1.8701461275787825e-16,5.183762508263976e-16,7.105427357601002e-15,1.517253554692919e-16,1.0,8.597640666472122e-08,True
sample_001192,6.95568523924492e-16,2.504250027553643e-15,4.263256414560601e-14,1.8947435042847558e-16,1.0,3.515273943614576e-07,True
sample_001193,4.872674250384348e-16,1.6928354173228401e-15,2.842170943040401e-14,1.7997704939698236e-16,0.9999999999999998,2.2610152491570558e-07,True
sample_001194,3.2736275797880993e-16,1.0433933270770686e-15,1.4210854715202004e-14,1.8847437362152292e-16,1.0,1.43683003713454e-07,True
sample_001195,6.103398885464947e-16,1.689245441860409e-15,2.1316282072803006e-14,2.5574099288167507e-16,0.9999999999999999,1.6561679312399155e-07,True
sample_001196,1.1833482555587415e-16,5.067406076321475e-16,1.0658141036401503e-14,1.2834138324132627e-16,1.0,8.883671670316311e-08,True
sample_001197,5.363983910298875e-16,2.68584999138429e-15,5.684341886080802e-14,2.2510347742315683e-16,1.0,2.5596207399894436e-07,True
sample_001198,1.1767115038972015e-16,6.772994251521258e-16,1.4210854715202004e-14,1.4097353727791224e-16,1.0,1.2188083852945046e-07,True
sample_001199,2.512826753950895e-16,7.51473231644685e-16,1.0658141036401503e-14,2.0715291042306814e-16,1.0,9.956635605167417e-08,True
