sample_id,susceptibility_si,susceptibility_decade,geological_iou,geological_dice,geological_precision,geological_recall,geological_true_occupied_cells,geological_predicted_occupied_cells,geological_predicted_to_true_volume_ratio,thresholded_0p001_si_iou,thresholded_0p001_si_dice,thresholded_0p001_si_precision,thresholded_0p001_si_recall,thresholded_0p001_si_true_occupied_cells,thresholded_0p001_si_predicted_occupied_cells,thresholded_0p001_si_predicted_to_true_volume_ratio,susceptibility_mae_si,susceptibility_rmse_si,susceptibility_relative_l2,tmi_mae_nt,tmi_rmse_nt,tmi_relative_l2,tmi_correlation,zero_geological_iou,zero_geological_dice,zero_geological_precision,zero_geological_recall,zero_geological_true_occupied_cells,zero_geological_predicted_occupied_cells,zero_geological_predicted_to_true_volume_ratio,zero_thresholded_0p001_si_iou,zero_thresholded_0p001_si_dice,zero_thresholded_0p001_si_precision,zero_thresholded_0p001_si_recall,zero_thresholded_0p001_si_true_occupied_cells,zero_thresholded_0p001_si_predicted_occupied_cells,zero_thresholded_0p001_si_predicted_to_true_volume_ratio,zero_susceptibility_mae_si,zero_susceptibility_rmse_si,zero_susceptibility_relative_l2,zero_tmi_mae_nt,zero_tmi_rmse_nt,zero_tmi_relative_l2,zero_tmi_correlation
sample_001100,0.003697883345089101,0.001_to_below_0.01_si,0.006159014557670772,0.012242626599888704,0.006638503319251659,0.07857142857142857,140,1657,11.835714285714285,0.005988023952095809,0.011904761904761904,0.006559766763848397,0.06428571428571428,140,1372,9.8,0.0012380390566816065,0.01095634139993092,78.51161801846415,30.61623891980921,94.6253827833486,230.60931444500855,0.3869552690461251,0.0,0.0,0.0,0.0,140,0,0.0,0.0,0.0,0.0,0.0,140,0,0.0,5.266354037303245e-06,0.0001395505745067467,1.0,0.11903232359906647,0.4103276704632549,1.0,nan
sample_001101,0.04919274608120485,0.01_to_0.1_si,0.1382667964946446,0.24294268605645852,0.18275418275418276,0.3622448979591837,392,777,1.9821428571428572,0.13877952755905512,0.24373379429559205,0.1843137254901961,0.3596938775510204,392,765,1.9515306122448979,0.000827440626367752,0.008527805998700932,2.7452304907790257,10.64468832265175,32.682159191541984,3.880776013256599,0.7626199588395978,0.0,0.0,0.0,0.0,392,0,0.0,0.0,0.0,0.0,0.0,392,0,0.0,0.00019616247694405806,0.0031064080146803843,1.0,2.948257045252407,8.421552565749954,1.0,nan
sample_001102,0.022822768518607883,0.01_to_0.1_si,0.036458333333333336,0.07035175879396985,0.041916167664670656,0.21875,224,1169,5.21875,0.04242424242424243,0.08139534883720931,0.05,0.21875,224,980,4.375,0.0008410672579371885,0.008888066579862073,8.158316383839548,14.789964223480656,40.169044002128985,13.32708622101302,0.5884859756185788,0.0,0.0,0.0,0.0,224,0,0.0,0.0,0.0,0.0,0.0,224,0,0.0,5.2005008304452836e-05,0.0010894486266146842,1.0,1.05924237988293,3.014090502303034,1.0,nan
sample_001103,0.0025538270125292336,0.001_to_below_0.01_si,0.0576307363927428,0.10898082744702321,0.10567514677103718,0.1125,960,1022,1.0645833333333334,0.057971014492753624,0.1095890410958904,0.10682492581602374,0.1125,960,1011,1.053125,0.0010358646750171499,0.010043658558929285,39.79701162187963,24.720377824135095,78.47049434225742,32.6164122577712,0.28556910982655465,0.0,0.0,0.0,0.0,960,0,0.0,0.0,0.0,0.0,0.0,960,0,0.0,2.4939715785876615e-05,0.0002523721794580041,1.0,0.8089675929666621,2.405859164462854,1.0,nan
sample_001104,0.004368847801708226,0.001_to_below_0.01_si,0.06234567901234568,0.11737361998837885,0.07292418772563176,0.3005952380952381,336,1385,4.122023809523809,0.08340425531914894,0.1539670070699136,0.10458911419423693,0.2916666666666667,336,937,2.7886904761904763,0.00043979615050539184,0.006122390795404857,23.970113921866407,4.386840593154464,9.951810228404293,34.12203092202655,0.9677069844932124,0.0,0.0,0.0,0.0,336,0,0.0,0.0,0.0,0.0,0.0,336,0,0.0,1.4932584917914937e-05,0.00025541767616797976,1.0,0.14091639446998291,0.2916535141517666,1.0,nan
sample_001105,0.013296819860321505,0.01_to_0.1_si,0.1467065868263473,0.2558746736292428,0.15170278637770898,0.8166666666666667,120,646,5.383333333333334,0.1628721541155867,0.28012048192771083,0.17095588235294118,0.775,120,544,4.533333333333333,0.0004694195804777808,0.006635172726794649,14.282341321665035,6.100901812004607,19.824354314319514,36.17112681357674,0.8644382601167914,0.0,0.0,0.0,0.0,120,0,0.0,0.0,0.0,0.0,0.0,120,0,0.0,1.62314699991839e-05,0.0004645717797494228,1.0,0.22020848567954235,0.5480712397070939,1.0,nan
sample_001106,0.051558278447997895,0.01_to_0.1_si,0.14814814814814814,0.25806451612903225,0.19672131147540983,0.375,288,549,1.90625,0.15,0.2608695652173913,0.2,0.375,288,540,1.875,0.0005718878778960731,0.0070475790298332106,2.525404194744185,4.1685829912716175,10.029586612343309,2.956451362456857,0.982638759269385,0.0,0.0,0.0,0.0,288,0,0.0,0.0,0.0,0.0,0.0,288,0,0.0,0.0001510496440459974,0.0027906736848305204,1.0,1.5893159239440546,3.392440930943834,1.0,nan
sample_001107,0.00025128309395215214,0.0001_to_below_0.001_si,0.006497022198159177,0.012910166756320602,0.006518196632265073,0.6666666666666666,72,7364,102.27777777777777,0.0,0.0,0.0,0.0,0,1908,,0.00018687912435520757,0.0017692791039268674,260.16713983748184,1.6634379040612604,3.5940282393011063,947.7800563509343,0.9955507072942368,0.0,0.0,0.0,0.0,72,0,0.0,1.0,1.0,1.0,1.0,0,0,1.0,1.8404522705850468e-07,6.800547928658782e-06,1.0,0.0017179961592142824,0.0037920488147203057,1.0,nan
sample_001108,0.023513938092771608,0.01_to_0.1_si,0.04438579654510556,0.08499885136687342,0.06160506160506161,0.13703703703703704,1350,3003,2.2244444444444444,0.04447115384615385,0.08515535097813579,0.06176961602671119,0.13703703703703704,1350,2995,2.2185185185185183,0.003264779372397149,0.017363413011875318,6.30127522709481,80.6492573053465,170.71281496623325,5.124673764219987,0.12762956540696477,0.0,0.0,0.0,0.0,1350,0,0.0,0.0,0.0,0.0,0.0,1350,0,0.0,0.0003229147893080153,0.0027555395354283974,1.0,11.27571293094599,33.31193805118577,1.0,nan
sample_001109,0.0019672726213659343,0.001_to_below_0.01_si,0.09933774834437085,0.18072289156626506,0.17088607594936708,0.19176136363636365,1408,1580,1.1221590909090908,0.09985152190051967,0.18157273034087074,0.1729903536977492,0.19105113636363635,1408,1555,1.1044034090909092,0.0015485430251228815,0.012299086486629739,52.23872313095583,42.922777227696976,136.67489374702228,49.35290632567328,0.2974540650060677,0.0,0.0,0.0,0.0,1408,0,0.0,0.0,0.0,0.0,0.0,1408,0,0.0,2.8177083246797945e-05,0.00023544002895701518,1.0,0.8520073195072837,2.769338300871741,1.0,nan
sample_001110,0.00012703682691681876,0.0001_to_below_0.001_si,0.0484196368527236,0.09236690186016677,0.05393258426966292,0.32142857142857145,448,2670,5.959821428571429,0.0,0.0,0.0,0.0,0,1270,,0.00036754603687573186,0.005099299368726355,594.6035160931567,6.694186635640574,22.32080730487049,656.719132060854,0.7258859420373223,0.0,0.0,0.0,0.0,448,0,0.0,1.0,1.0,1.0,1.0,0,0,1.0,5.789438546344172e-07,8.575965716165467e-06,1.0,0.012955457227043951,0.03398836156154827,1.0,nan
sample_001111,0.01721482103327522,0.01_to_0.1_si,0.08261211644374508,0.15261627906976744,0.10595358224016145,0.2727272727272727,385,991,2.574025974025974,0.08300395256916997,0.15328467153284672,0.1065989847715736,0.2727272727272727,385,985,2.5584415584415585,0.0010162662671288252,0.009786855293708732,9.084392067012882,19.42131693560664,51.853548813950425,13.170249125402144,0.5841659509513928,0.0,0.0,0.0,0.0,385,0,0.0,0.0,0.0,0.0,0.0,385,0,0.0,6.742051529802968e-05,0.001077326388107645,1.0,1.3569530357283848,3.937172966146691,1.0,nan
sample_001112,0.0065816114158772305,0.001_to_below_0.01_si,0.2063125481139338,0.34205488194001277,0.47942754919499103,0.26587301587301587,1008,559,0.5545634920634921,0.20480993017843288,0.3399871216999356,0.48440366972477067,0.2619047619047619,1008,545,0.5406746031746031,0.0005709889836521823,0.007104473752764413,10.659945934406647,6.289536436602196,21.542470440323825,8.76743479285225,0.8633627907865581,0.0,0.0,0.0,0.0,1008,0,0.0,0.0,0.0,0.0,0.0,1008,0,0.0,6.74872269428306e-05,0.0006664643326035653,1.0,0.9832703398592276,2.4571007312066433,1.0,nan
sample_001113,0.0009646400118839961,0.0001_to_below_0.001_si,0.09645061728395062,0.17593244194229415,0.1263902932254803,0.28935185185185186,432,989,2.2893518518518516,0.0,0.0,0.0,0.0,0,690,,0.00037400445017766256,0.005617767701880549,87.85009430960328,5.461163575705516,16.96528626503439,104.28666178143008,0.8105237997094964,0.0,0.0,0.0,0.0,432,0,0.0,1.0,1.0,1.0,1.0,0,0,1.0,4.239140622530613e-06,6.394720171935486e-05,1.0,0.06671944516961731,0.16267934916347407,1.0,nan
sample_001114,0.012223577465524837,0.01_to_0.1_si,0.11864406779661017,0.21212121212121213,0.13663663663663664,0.4739583333333333,192,666,3.46875,0.13990461049284578,0.24546722454672246,0.1676190476190476,0.4583333333333333,192,525,2.734375,0.00045383770848138886,0.00644688086689354,11.934007549302121,5.123844863029604,14.526104054076779,22.852233900183624,0.9311093750802117,0.0,0.0,0.0,0.0,192,0,0.0,0.0,0.0,0.0,0.0,192,0,0.0,2.3874174075899646e-05,0.000540210892297495,1.0,0.2839619012063359,0.6356535696914978,1.0,nan
sample_001115,0.0002515226340265077,0.0001_to_below_0.001_si,0.1118488253319714,0.20119430408819478,0.16020482809070957,0.27037037037037037,810,1367,1.6876543209876542,0.0,0.0,0.0,0.0,0,928,,0.0004828006811610781,0.0063606848075433795,278.5927968072968,8.936710008960945,26.232750727425145,253.92964216319973,0.7038708941239855,0.0,0.0,0.0,0.0,810,0,0.0,1.0,1.0,1.0,1.0,0,0,1.0,2.0724826654827666e-06,2.2831476191909864e-05,1.0,0.03831874470985521,0.10330716218851455,1.0,nan
sample_001116,0.0013292595670456409,0.001_to_below_0.01_si,0.09562471808750564,0.1745574310415809,0.16195569136745608,0.18928571428571428,1120,1309,1.16875,0.09995240361732509,0.18173950670705322,0.17632241813602015,0.1875,1120,1191,1.0633928571428573,0.0011284711606396607,0.010483822945574683,73.89013441236612,26.229575443887473,74.99445295475189,68.41433544943179,0.46732392780222454,0.0,0.0,0.0,0.0,1120,0,0.0,0.0,0.0,0.0,0.0,1120,0,0.0,1.5144559218545814e-05,0.0001418839338830615,1.0,0.3602127036974585,1.0961803905876386,1.0,nan
sample_001117,0.04595197898816355,0.01_to_0.1_si,0.15370813397129188,0.2664593053395542,0.5255623721881391,0.17847222222222223,1440,489,0.33958333333333335,0.15389221556886226,0.2667358588479502,0.5277207392197125,0.17847222222222223,1440,487,0.33819444444444446,0.0009257229118514696,0.007497157394217115,1.3480213570049029,4.779728019599565,11.229380468248264,0.48962297635054614,0.8696053420947452,0.0,0.0,0.0,0.0,1440,0,0.0,0.0,0.0,0.0,0.0,1440,0,0.0,0.0006731246685376391,0.005561601346491016,1.0,10.023212516609137,22.93474981902927,1.0,nan
sample_001118,0.003749422101497532,0.001_to_below_0.01_si,0.0,0.0,0.0,0.0,40,1829,45.725,0.0,0.0,0.0,0.0,40,1737,43.425,0.0016339438702774522,0.012643281916962155,167.16720998909236,54.39648198792499,194.76092857267818,505.8018116095551,-0.04943778751573615,0.0,0.0,0.0,0.0,40,0,0.0,0.0,0.0,0.0,0.0,40,0,0.0,1.5256437298679277e-06,7.563254730271042e-05,1.0,0.07059636892664413,0.38505383749598043,1.0,nan
sample_001119,0.009405782313885743,0.001_to_below_0.01_si,0.09950946040644709,0.1810070108349267,0.13434247871333965,0.27734375,512,1057,2.064453125,0.1400198609731877,0.2456445993031359,0.22169811320754718,0.275390625,512,636,1.2421875,0.0005531678811774919,0.006990944361974091,10.298916350236729,4.918508937368588,11.13419463550259,14.542951494639631,0.9265597761556487,0.0,0.0,0.0,0.0,512,0,0.0,0.0,0.0,0.0,0.0,512,0,0.0,4.898845024096469e-05,0.0006788038784112852,1.0,0.3957655223653159,0.7656076305835532,1.0,nan
sample_001120,0.004794016551962213,0.001_to_below_0.01_si,0.07271171941830624,0.13556618819776714,0.10340632603406326,0.19675925925925927,432,822,1.9027777777777777,0.08577633007600434,0.158,0.13908450704225353,0.18287037037037038,432,568,1.3148148148148149,0.00044963281434200176,0.006383445107654552,20.086271421010274,4.771047704184957,12.48066182666243,22.60107418821453,0.9570546207513014,0.0,0.0,0.0,0.0,432,0,0.0,0.0,0.0,0.0,0.0,432,0,0.0,2.1067455236334354e-05,0.0003178013964790626,1.0,0.2487507738105119,0.5522154266973092,1.0,nan
sample_001121,0.0008514777814915341,0.0001_to_below_0.001_si,0.01675257731958763,0.032953105196451206,0.0196078431372549,0.10317460317460317,252,1326,5.261904761904762,0.0,0.0,0.0,0.0,0,1122,,0.0009192274983367616,0.009345736924952303,216.78316534903936,21.247605362800464,63.200840055667875,357.55278450521945,0.3651108434269907,0.0,0.0,0.0,0.0,252,0,0.0,1.0,1.0,1.0,1.0,0,0,1.0,2.1827433513976757e-06,4.3110990237202545e-05,1.0,0.05666419878249899,0.176759468236627,1.0,nan
sample_001122,0.00019322815441099195,0.0001_to_below_0.001_si,0.006292906178489702,0.012507106310403639,0.0070063694267515925,0.0582010582010582,378,3140,8.306878306878307,0.0,0.0,0.0,0.0,0,2505,,0.0020901022035943015,0.014118131567809906,1178.27456510558,73.57362715976146,214.5548826522722,1718.3768470772407,0.01709584661685309,0.0,0.0,0.0,0.0,378,0,0.0,1.0,1.0,1.0,1.0,0,0,1.0,7.430037864963879e-07,1.1982038809897285e-05,1.0,0.029428441575644875,0.12485903951581118,1.0,nan
sample_001123,0.09560495357124078,0.01_to_0.1_si,0.13399778516057587,0.236328125,0.21080139372822299,0.2688888888888889,450,574,1.2755555555555556,0.13333333333333333,0.23529411764705882,0.21052631578947367,0.26666666666666666,450,570,1.2666666666666666,0.0007818962125677055,0.008731613588995967,1.3498746432428672,4.745651832809533,17.09293898703464,1.0126769653427825,0.7997316845478122,0.0,0.0,0.0,0.0,450,0,0.0,0.0,0.0,0.0,0.0,450,0,0.0,0.0004376447577669751,0.0064684625588785055,1.0,6.582566415223007,16.878964933549984,1.0,nan
sample_001124,0.00010307641617980054,0.0001_to_below_0.001_si,0.061030671026000315,0.11504035216434336,0.06129788897576231,0.9333333333333333,420,6395,15.226190476190476,0.0,0.0,0.0,0.0,0,2703,,0.0002751782457846268,0.002694950775231482,399.993071864517,2.8863646379442383,7.600047366163887,571.9220995328553,0.8897585813899315,0.0,0.0,0.0,0.0,420,0,0.0,1.0,1.0,1.0,1.0,0,0,1.0,4.403899689364721e-07,6.737493633750481e-06,1.0,0.005818464959263868,0.013288605864979836,1.0,nan
sample_001125,0.02681457588597378,0.01_to_0.1_si,0.040740740740740744,0.07829181494661921,0.04417670682730924,0.34375,96,747,7.78125,0.04198473282442748,0.08058608058608059,0.04564315352697095,0.34375,96,723,7.53125,0.0007043681692899969,0.008223209523073007,9.813420223347103,11.488101452190746,34.3924530373065,28.15243226101772,0.7673639645110972,0.0,0.0,0.0,0.0,96,0,0.0,0.0,0.0,0.0,0.0,96,0,0.0,2.618610960780643e-05,0.0008379555074498057,1.0,0.4424734051487345,1.221651213594402,1.0,nan
sample_001126,0.07507606138732517,0.01_to_0.1_si,0.2818725099601594,0.4397824397824398,0.46016260162601624,0.4211309523809524,672,615,0.9151785714285714,0.2827172827172827,0.440809968847352,0.4624183006535948,0.4211309523809524,672,612,0.9107142857142857,0.0006961798304555947,0.00753257914283878,1.2135095476208906,2.3308207080977366,10.002376715640205,0.7278226587057895,0.9258268248143108,0.0,0.0,0.0,0.0,672,0,0.0,0.0,0.0,0.0,0.0,672,0,0.0,0.0005132152436999604,0.006207268132011445,1.0,6.1071478762908615,13.742876229528742,1.0,nan
sample_001127,0.00011035324459912724,0.0001_to_below_0.001_si,0.025749007339670317,0.05020527859237537,0.025755205199181612,0.9907407407407407,216,8309,38.467592592592595,0.0,0.0,0.0,0.0,0,2666,,0.00026935450127788663,0.0021424749840890864,414.1802492157385,2.5403942248693907,5.155394196286422,1030.7844208794102,0.9864762148468432,0.0,0.0,0.0,0.0,216,0,0.0,1.0,1.0,1.0,1.0,0,0,1.0,2.424753837715343e-07,5.172808187126066e-06,1.0,0.0024218296989082263,0.005001428127802042,1.0,nan
sample_001128,0.0012157470920051519,0.001_to_below_0.01_si,0.008874357776739842,0.017592592592592594,0.009099616858237548,0.2638888888888889,72,2088,29.0,0.009052924791086351,0.017943409247757072,0.00944081336238199,0.18055555555555555,72,1377,19.125,0.0006666042590363735,0.007439055667948947,226.09653976644356,12.667198658577009,45.305278121570176,811.1961650889561,0.6235486359859793,0.0,0.0,0.0,0.0,72,0,0.0,0.0,0.0,0.0,0.0,72,0,0.0,8.904397645892459e-07,3.290212081809588e-05,1.0,0.017042019317130872,0.0558499658545624,1.0,nan
sample_001129,0.0001503102632744237,0.0001_to_below_0.001_si,0.00921942224953903,0.018270401948842874,0.00933997509339975,0.4166666666666667,72,3212,44.611111111111114,0.0,0.0,0.0,0.0,0,1243,,0.0002890223427931261,0.004428613145367224,1088.6754783044587,6.285561799556629,29.38598343107816,2713.1172305848354,0.2974288395592761,0.0,0.0,0.0,0.0,72,0,0.0,1.0,1.0,1.0,1.0,0,0,1.0,1.1009052869326297e-07,4.06789096808215e-06,1.0,0.002865768424702118,0.010831077662185556,1.0,nan
sample_001130,0.00039293646223430246,0.0001_to_below_0.001_si,0.07070279424216766,0.1320680110715698,0.07452030343596609,0.5798611111111112,288,2241,7.78125,0.0,0.0,0.0,0.0,0,1315,,0.0005502525029353742,0.006546935200421967,307.82583336711144,9.475337742373455,30.372949433524212,542.9907675574232,0.7292458343640209,0.0,0.0,0.0,0.0,288,0,0.0,1.0,1.0,1.0,1.0,0,0,1.0,1.151181038494542e-06,2.1268309838746138e-05,1.0,0.01914801631249861,0.05593640122124573,1.0,nan
sample_001131,0.024983149876594234,0.01_to_0.1_si,0.10224719101123596,0.18552497451580022,0.1324599708879185,0.30952380952380953,294,687,2.336734693877551,0.10814094775212636,0.19517543859649122,0.14401294498381878,0.30272108843537415,294,618,2.1020408163265305,0.0006179560721574434,0.007427899713968043,5.436642586316565,5.598968567520274,12.643756965395058,9.550781724376627,0.9576354982273465,0.0,0.0,0.0,0.0,294,0,0.0,0.0,0.0,0.0,0.0,294,0,0.0,7.47176698041585e-05,0.001366265962133184,1.0,0.6643751340906727,1.3238452443242605,1.0,nan
sample_001132,0.002437354667279417,0.001_to_below_0.01_si,0.0,0.0,0.0,0.0,330,2679,8.118181818181819,0.0,0.0,0.0,0.0,330,2602,7.884848484848485,0.0025166152488518743,0.015762728784214065,111.61981063559831,78.4279934707323,229.7280160836274,166.49523928405412,-0.028390509465471604,0.0,0.0,0.0,0.0,330,0,0.0,0.0,0.0,0.0,0.0,330,0,0.0,8.182038087056753e-06,0.0001412180211958444,1.0,0.31427480697846105,1.3797872964505198,1.0,nan
sample_001133,0.00011129968445516185,0.0001_to_below_0.001_si,0.02715207597710946,0.05286865813181603,0.027612679544328875,0.6194444444444445,360,8076,22.433333333333334,0.0,0.0,0.0,0.0,0,3324,,0.0003218222450575903,0.0023846603175272096,354.05190911349473,2.9344683092768773,6.251790532276369,806.1605151814114,0.9541149380606411,0.0,0.0,0.0,0.0,360,0,0.0,1.0,1.0,1.0,1.0,0,0,1.0,4.0759161379355646e-07,6.7353409377119975e-06,1.0,0.003562428538064232,0.007755019520981522,1.0,nan
sample_001134,0.01882413026167704,0.01_to_0.1_si,0.05203171456888008,0.09891662741403674,0.07177033492822966,0.1590909090909091,660,1463,2.216666666666667,0.05257886830245368,0.09990485252140818,0.07281553398058252,0.1590909090909091,660,1442,2.184848484848485,0.0015329115525400169,0.011940954863556029,7.74172541328826,32.155331229991994,78.79271234064099,8.416359580506526,0.4040531791750601,0.0,0.0,0.0,0.0,660,0,0.0,0.0,0.0,0.0,0.0,660,0,0.0,0.0001263827107322868,0.0015424151886167408,1.0,3.0276472142797934,9.36185194880884,1.0,nan
sample_001135,0.003990557307051418,0.001_to_below_0.01_si,0.0657439446366782,0.12337662337662338,0.11585365853658537,0.13194444444444445,720,820,1.1388888888888888,0.06442577030812324,0.12105263157894737,0.115,0.12777777777777777,720,800,1.1111111111111112,0.0008072134078955804,0.00878448932441774,25.72185537003578,15.350564977807666,42.41691510220535,24.391586975915715,0.5573843787880373,0.0,0.0,0.0,0.0,720,0,0.0,0.0,0.0,0.0,0.0,720,0,0.0,2.9227716140667326e-05,0.0003415184946048284,1.0,0.6055706303660097,1.7389977595179793,1.0,nan
sample_001136,0.0016238092239128073,0.001_to_below_0.01_si,0.20596205962059622,0.3415730337078652,0.28679245283018867,0.4222222222222222,720,1060,1.4722222222222223,0.23582580115036977,0.3816489361702128,0.36607142857142855,0.39861111111111114,720,784,1.0888888888888888,0.00043472792838901534,0.00617627623012,44.443786700422166,4.426638342171476,11.01818897493698,38.71453252271929,0.9794326955103153,0.0,0.0,0.0,0.0,720,0,0.0,0.0,0.0,0.0,0.0,720,0,0.0,1.1893133944340661e-05,0.00013896827180257646,1.0,0.1212067206719695,0.28460085288311426,1.0,nan
sample_001137,0.03807608419509437,0.01_to_0.1_si,0.19284940411700974,0.32334241598546776,0.2981574539363484,0.3531746031746032,504,597,1.1845238095238095,0.19386637458926614,0.3247706422018349,0.30204778156996587,0.35119047619047616,504,586,1.1626984126984128,0.0006414490515526326,0.00719774462402247,2.6400641694412204,4.156714581770495,10.333261342757574,2.591609379992245,0.9721441039917235,0.0,0.0,0.0,0.0,504,0,0.0,0.0,0.0,0.0,0.0,504,0,0.0,0.0001952142984009697,0.0027263521498213806,1.0,1.8918675549635362,3.9871986197196483,1.0,nan
sample_001138,0.0008694439024539824,0.0001_to_below_0.001_si,0.009038619556285949,0.017915309446254073,0.009136212624584718,0.4583333333333333,120,6020,50.166666666666664,0.0,0.0,0.0,0.0,0,2441,,0.00026689903236111695,0.002593700594090855,85.38335838984827,2.760469824716586,6.736641099886287,284.9498560045304,0.9158602504153919,0.0,0.0,0.0,0.0,120,0,0.0,1.0,1.0,1.0,1.0,0,0,1.0,1.061332923768532e-06,3.0377120823104513e-05,1.0,0.010946191205465085,0.023641496768396966,1.0,nan
sample_001139,0.00014177955233493191,0.0001_to_below_0.001_si,0.04335628666156593,0.08310926423857247,0.04487264088689455,0.5619834710743802,605,7577,12.52396694214876,0.0,0.0,0.0,0.0,0,3426,,0.00031811153119183465,0.002408709621938009,216.5602472398696,2.9230392668032863,5.755237035053386,380.48059034536806,0.8309022407212674,0.0,0.0,0.0,0.0,605,0,0.0,1.0,1.0,1.0,1.0,0,0,1.0,8.725650254189551e-07,1.1122584373807251e-05,1.0,0.007100523382894183,0.015126230302127284,1.0,nan
sample_001140,0.00027680450837096345,0.0001_to_below_0.001_si,0.0619935170178282,0.11674933231590996,0.06766917293233082,0.425,360,2261,6.280555555555556,0.0,0.0,0.0,0.0,0,1220,,0.0004684279554645554,0.00596026619226175,355.8171392509261,8.42071641103344,26.617787386606242,531.6513886985042,0.7267616298571241,0.0,0.0,0.0,0.0,360,0,0.0,1.0,1.0,1.0,1.0,0,0,1.0,1.0136883332734214e-06,1.675092494085425e-05,1.0,0.018159762634545735,0.0500662425650147,1.0,nan
sample_001141,0.0004274970438639752,0.0001_to_below_0.001_si,0.16622127204703366,0.2850595783684693,0.21389270976616231,0.4271978021978022,728,1454,1.9972527472527473,0.0,0.0,0.0,0.0,0,1033,,0.0005265976025240454,0.00658977524589056,179.12548505031316,8.731063164412742,26.50179038394335,199.430363715918,0.8104694503256464,0.0,0.0,0.0,0.0,728,0,0.0,1.0,1.0,1.0,1.0,0,0,1.0,3.165871753196825e-06,3.678859679871687e-05,1.0,0.05125961399564518,0.13288743945578055,1.0,nan
sample_001142,0.019319819780188076,0.01_to_0.1_si,0.11407407407407408,0.2047872340425532,0.2532894736842105,0.171875,896,608,0.6785714285714286,0.11275964391691394,0.20266666666666666,0.25165562913907286,0.16964285714285715,896,604,0.6741071428571429,0.0007243588727069488,0.007624880151204982,4.13391508951979,7.827163907644158,25.38090798430284,3.232528851005651,0.7534027442007223,0.0,0.0,0.0,0.0,896,0,0.0,0.0,0.0,0.0,0.0,896,0,0.0,0.00017609210287143165,0.0018444694644395114,1.0,3.0098750195166644,7.851718934049652,1.0,nan
sample_001143,0.03678629160806116,0.01_to_0.1_si,0.01780821917808219,0.034993270524899055,0.02034428794992175,0.125,624,3834,6.144230769230769,0.01782857142857143,0.035032562317538735,0.020370854008879603,0.125,624,3829,6.136217948717949,0.004064684495892881,0.019787045244432568,6.751312891348886,100.95677892561315,206.4724643071462,7.874272484384668,0.06934412410310986,0.0,0.0,0.0,0.0,624,0,0.0,0.0,0.0,0.0,0.0,624,0,0.0,0.00023350673473032657,0.0029308440540191244,1.0,8.743487685415175,26.22114801292412,1.0,nan
sample_001144,0.014416902180149628,0.01_to_0.1_si,0.17189631650750342,0.29336437718277064,0.1777150916784203,0.84,150,709,4.726666666666667,0.18562874251497005,0.31313131313131315,0.19314641744548286,0.8266666666666667,150,642,4.28,0.0005841845211568544,0.007439414016972654,13.210119242495693,8.050668305468282,26.06278824214589,32.01291725638678,0.8610826806658041,0.0,0.0,0.0,0.0,150,0,0.0,0.0,0.0,0.0,0.0,150,0,0.0,2.199844715278232e-05,0.0005631602471112274,1.0,0.3194707043929869,0.8141334959701678,1.0,nan
sample_001145,0.00018097259917066965,0.0001_to_below_0.001_si,0.011459307764265668,0.022658959537572253,0.011719684286055968,0.3402777777777778,144,4181,29.03472222222222,0.0,0.0,0.0,0.0,0,1892,,0.0005284317668665221,0.006029947776842387,870.5727857839521,11.352032051400958,50.26336043853522,3090.155165297429,0.48209164869768467,0.0,0.0,0.0,0.0,144,0,0.0,1.0,1.0,1.0,1.0,0,0,1.0,2.650965740258471e-07,6.926414281848255e-06,1.0,0.005565214316722417,0.016265642904600662,1.0,nan
sample_001146,0.00016901504890433724,0.0001_to_below_0.001_si,0.047396386822529224,0.09050324675324675,0.04907570422535211,0.5807291666666666,384,4544,11.833333333333334,0.0,0.0,0.0,0.0,0,1717,,0.0002402232117494982,0.003182085268208366,301.23567930381995,2.9159005482068063,10.63077982801807,491.21090172737087,0.7793194469822623,0.0,0.0,0.0,0.0,384,0,0.0,1.0,1.0,1.0,1.0,0,0,1.0,6.602150506296312e-07,1.0563440810074098e-05,1.0,0.00841310248997887,0.021641986752806854,1.0,nan
sample_001147,0.04040595241328059,0.01_to_0.1_si,0.18976897689768976,0.31900138696255204,0.19524617996604415,0.8712121212121212,132,589,4.462121212121212,0.18855218855218855,0.31728045325779036,0.1951219512195122,0.8484848484848485,132,574,4.348484848484849,0.0005278592136457455,0.007008593612253462,4.733519495661084,6.937795941921694,21.9462097278783,11.916887267901584,0.8773627450447711,0.0,0.0,0.0,0.0,132,0,0.0,0.0,0.0,0.0,0.0,132,0,0.0,5.425603831099579e-05,0.0014806305580187837,1.0,0.7643130584446364,1.841605885371671,1.0,nan
sample_001148,0.0016708205756103245,0.001_to_below_0.01_si,0.03306581059390048,0.06401491609695463,0.03421926910299003,0.4951923076923077,208,3010,14.471153846153847,0.06480836236933799,0.12172774869109948,0.07045454545454545,0.44711538461538464,208,1320,6.346153846153846,0.0003184611486835636,0.004143676422938855,53.91504359636035,3.2893814578081537,7.246020249124285,89.4973985471353,0.9449183208870271,0.0,0.0,0.0,0.0,208,0,0.0,0.0,0.0,0.0,0.0,208,0,0.0,3.5352647766255054e-06,7.685566303091298e-05,1.0,0.037696274241042334,0.08096347342775607,1.0,nan
sample_001149,0.012894404475054771,0.01_to_0.1_si,0.04174573055028463,0.08014571948998178,0.05128205128205128,0.18333333333333332,240,858,3.575,0.04230769230769231,0.08118081180811808,0.052132701421800945,0.18333333333333332,240,844,3.5166666666666666,0.000853467736958126,0.009061337669417588,14.22233851642104,14.590270675228796,43.760994618813605,24.280740928341594,0.6371364152917884,0.0,0.0,0.0,0.0,240,0,0.0,0.0,0.0,0.0,0.0,240,0,0.0,3.1480478810408385e-05,0.0006371200951907742,1.0,0.6046850800576963,1.802292390827899,1.0,nan
sample_001150,0.0012142055357627494,0.001_to_below_0.01_si,0.0,0.0,0.0,0.0,120,2651,22.091666666666665,0.0,0.0,0.0,0.0,120,2507,20.891666666666666,0.002357995709648436,0.01522314227507647,358.8451452465666,74.96011300526615,226.2286166209318,566.1533171421819,-0.0823466072159756,0.0,0.0,0.0,0.0,120,0,0.0,0.0,0.0,0.0,0.0,120,0,0.0,1.4821844729340228e-06,4.2422595029442204e-05,1.0,0.08306796344132789,0.3995889625144023,1.0,nan
sample_001151,0.006206138646593184,0.001_to_below_0.01_si,0.052385406922357346,0.09955555555555555,0.07898448519040903,0.1346153846153846,416,709,1.7043269230769231,0.05953693495038589,0.11238293444328824,0.09908256880733946,0.12980769230769232,416,545,1.3100961538461537,0.0004985430455043193,0.006808010053368496,16.863109217633898,6.876355564649728,23.84755982385029,20.39846845579299,0.8117320929856688,0.0,0.0,0.0,0.0,416,0,0.0,0.0,0.0,0.0,0.0,416,0,0.0,2.626295599839068e-05,0.0004037221111187077,1.0,0.46154508628545593,1.169085800511547,1.0,nan
sample_001152,0.00021139407569741218,0.0001_to_below_0.001_si,0.009229448379480575,0.018290089323692044,0.009303331890956296,0.5375,80,4622,57.775,0.0,0.0,0.0,0.0,0,1748,,0.0002913589331015542,0.00401290128583589,665.4359714686406,4.972308778566274,22.057073910309953,2320.9127492830344,0.5027201222302429,0.0,0.0,0.0,0.0,80,0,0.0,1.0,1.0,1.0,1.0,0,0,1.0,1.7203293604476735e-07,6.03048446115601e-06,1.0,0.0031038706258648746,0.009503620468767607,1.0,nan
sample_001153,0.00020081522808624438,0.0001_to_below_0.001_si,0.028835489833641405,0.056054617319439455,0.031413612565445025,0.26,300,2483,8.276666666666667,0.0,0.0,0.0,0.0,0,1704,,0.0009360141598499394,0.008902824546107689,802.5205305241636,24.60145700416621,95.61344699835897,1822.0977832935969,0.4229666926719175,0.0,0.0,0.0,0.0,300,0,0.0,1.0,1.0,1.0,1.0,0,0,1.0,6.128394236526447e-07,1.1093578553426957e-05,1.0,0.015271601590208841,0.052474377541653947,1.0,nan
sample_001154,0.02255134951955821,0.01_to_0.1_si,0.15107102593010147,0.2624877571008815,0.21036106750392464,0.3489583333333333,384,637,1.6588541666666667,0.15447154471544716,0.2676056338028169,0.2180327868852459,0.3463541666666667,384,610,1.5885416666666667,0.0006131520797854978,0.007323770319645849,5.196155599493719,5.246616850873942,12.297731601622335,7.613729347724105,0.9530966893055905,0.0,0.0,0.0,0.0,384,0,0.0,0.0,0.0,0.0,0.0,384,0,0.0,8.809121209196746e-05,0.0014094593934714794,1.0,0.7868638635721561,1.6152047229388795,1.0,nan
sample_001155,0.006254925049055406,0.001_to_below_0.01_si,0.0021205695243865495,0.004232164449818622,0.0022271714922048997,0.04242424242424243,165,3143,19.048484848484847,0.0022300095571838167,0.004450095359186269,0.0023482053002348204,0.04242424242424243,165,2981,18.066666666666666,0.0028170593133473383,0.016609050082868018,64.81362556683135,80.06936018839752,196.40007034249467,177.14810405795717,0.11366048360405175,0.0,0.0,0.0,0.0,165,0,0.0,0.0,0.0,0.0,0.0,165,0,0.0,1.049868380675889e-05,0.0002562586174992155,1.0,0.3161808429501867,1.1086772358468981,1.0,nan
sample_001156,0.003664323803548906,0.001_to_below_0.01_si,0.02997275204359673,0.0582010582010582,0.03459119496855346,0.18333333333333332,180,954,5.3,0.033126293995859216,0.06412825651302605,0.039119804400977995,0.17777777777777778,180,818,4.544444444444444,0.0006717104646106049,0.007987749250814202,50.94246067319151,12.59992542094076,35.12873273144496,101.18045083679202,0.7009914287648019,0.0,0.0,0.0,0.0,180,0,0.0,0.0,0.0,0.0,0.0,180,0,0.0,6.709577320407334e-06,0.00015679943892105234,1.0,0.1258595960331394,0.3471889326536898,1.0,nan
sample_001157,0.003590291747030791,0.001_to_below_0.01_si,0.19004282655246252,0.31938821412505625,0.6537753222836096,0.2113095238095238,1680,543,0.32321428571428573,0.1874328678839957,0.31569425599276346,0.6572504708097928,0.20773809523809525,1680,531,0.31607142857142856,0.0005516521788187135,0.006982992631250927,14.877939444291844,5.855437568395176,18.433917454779756,9.516983273020319,0.8889119553171114,0.0,0.0,0.0,0.0,1680,0,0.0,0.0,0.0,0.0,0.0,1680,0,0.0,6.135752641966974e-05,0.00046935213423859314,1.0,0.8489888437262612,1.9369496536825943,1.0,nan
sample_001158,0.0027767240571660097,0.001_to_below_0.01_si,0.23045930701047543,0.3745907007203667,0.46353322528363045,0.3142857142857143,910,617,0.6780219780219781,0.23006644518272426,0.3740715732613099,0.4851138353765324,0.30439560439560437,910,571,0.6274725274725275,0.0005527535747767077,0.007203624946301944,26.96393488299958,6.755132940857755,23.425981572635227,25.652157383920308,0.8769667925269656,0.0,0.0,0.0,0.0,910,0,0.0,0.0,0.0,0.0,0.0,910,0,0.0,2.570413094815649e-05,0.0002671577786239107,1.0,0.3539553087285956,0.9132168192340602,1.0,nan
sample_001159,0.0030418787485343847,0.001_to_below_0.01_si,0.113776559287183,0.2043076923076923,0.19369894982497082,0.21614583333333334,768,857,1.1158854166666667,0.11473087818696884,0.20584498094027953,0.20099255583126552,0.2109375,768,806,1.0494791666666667,0.000783633174766483,0.008670590217068164,32.2486648589432,15.67538187325744,42.18805764526012,28.654866538288058,0.6046327429980595,0.0,0.0,0.0,0.0,768,0,0.0,0.0,0.0,0.0,0.0,768,0,0.0,2.37646781897638e-05,0.0002688666416111685,1.0,0.5426183071543808,1.4722824686302158,1.0,nan
sample_001160,0.028378877384227418,0.01_to_0.1_si,0.011203117389186557,0.022157996146435453,0.012693156732891833,0.08712121212121213,528,3624,6.863636363636363,0.01121951219512195,0.02219006271104679,0.01271420674405749,0.08712121212121213,528,3618,6.8522727272727275,0.0037987820087016597,0.01920245351931618,9.232730064266208,103.91269404048703,231.05719122503905,12.550935379161507,0.03119732822176292,0.0,0.0,0.0,0.0,528,0,0.0,0.0,0.0,0.0,0.0,528,0,0.0,0.00015242561312334146,0.0020798239941657304,1.0,5.846665155890755,18.409559466672615,1.0,nan
sample_001161,0.001169127423239794,0.001_to_below_0.01_si,0.03188565145684442,0.06180074587107086,0.034421364985163204,0.3020833333333333,192,1685,8.776041666666666,0.04302788844621514,0.0825057295645531,0.048343777976723366,0.28125,192,1117,5.817708333333333,0.0005000450678192087,0.006251200752023894,120.98640805548276,8.323046012605756,25.460171470510996,255.54079495370289,0.8030402844036724,0.0,0.0,0.0,0.0,192,0,0.0,0.0,0.0,0.0,0.0,192,0,0.0,2.283451976836659e-06,5.166862007472092e-05,1.0,0.03816945149058431,0.0996325125901079,1.0,nan
sample_001162,0.0042280958365912835,0.001_to_below_0.01_si,0.051697127937336815,0.09831181727904667,0.05985489721886336,0.275,360,1654,4.594444444444444,0.07170393215111796,0.13381294964028778,0.09029126213592233,0.25833333333333336,360,1030,2.861111111111111,0.0004615729780039076,0.006202130078794016,24.239875035161585,4.461169916032887,10.039873409479465,36.1581512716226,0.9560108887145339,0.0,0.0,0.0,0.0,360,0,0.0,0.0,0.0,0.0,0.0,360,0,0.0,1.5483749962186266e-05,0.00025586477115898505,1.0,0.13746758318053962,0.27766556243595597,1.0,nan
sample_001163,0.0020595888481966065,0.001_to_below_0.01_si,0.00851063829787234,0.016877637130801686,0.00975609756097561,0.0625,288,1845,6.40625,0.008188824662813102,0.016244624940277116,0.009418282548476454,0.059027777777777776,288,1805,6.267361111111111,0.0017431391206861942,0.013094448450385538,117.46162836241034,57.558769293574876,201.33589774369352,244.78485481875077,0.08531515357848922,0.0,0.0,0.0,0.0,288,0,0.0,0.0,0.0,0.0,0.0,288,0,0.0,6.0339518768159905e-06,0.00011147851969142271,1.0,0.1947926921113113,0.8225014488448285,1.0,nan
sample_001164,0.00013270035766540744,0.0001_to_below_0.001_si,0.021908652060898627,0.042877906976744186,0.02497883149872989,0.15128205128205127,390,2362,6.056410256410256,0.0,0.0,0.0,0.0,0,1452,,0.0006915858873475096,0.007630974917207137,912.9799302750054,16.140471511832462,42.282949360986,934.050138687245,0.47779336603863204,0.0,0.0,0.0,0.0,390,0,0.0,1.0,1.0,1.0,1.0,0,0,1.0,5.264601510290845e-07,8.358316173399948e-06,1.0,0.015633104750889023,0.04526839364363492,1.0,nan
sample_001165,0.00109247454444412,0.001_to_below_0.01_si,0.11533742331288344,0.2068206820682068,0.11868686868686869,0.8034188034188035,234,1584,6.769230769230769,0.1564625850340136,0.27058823529411763,0.1684100418410042,0.688034188034188,234,956,4.085470085470085,0.00037037034031411393,0.00527266323159271,98.92279254520541,5.307970128003557,16.24065240061032,174.93772218603004,0.835222813877407,0.0,0.0,0.0,0.0,234,0,0.0,0.0,0.0,0.0,0.0,234,0,0.0,2.600494859450464e-06,5.3300792425398053e-05,1.0,0.03779975814016366,0.09283676612263128,1.0,nan
sample_001166,0.0004881115885777458,0.0001_to_below_0.001_si,0.004846186262115465,0.009645628014258754,0.005392731535756155,0.04563492063492063,504,4265,8.462301587301587,0.0,0.0,0.0,0.0,0,3684,,0.003184268932750924,0.017526620415219827,501.4751319608767,103.12108900578463,244.93480830855341,644.8768211670081,-0.0029370952859521164,0.0,0.0,0.0,0.0,504,0,0.0,1.0,1.0,1.0,1.0,0,0,1.0,2.502525163095015e-06,3.495012872659692e-05,1.0,0.09742453884261475,0.3798164242673577,1.0,nan
sample_001167,0.00016906760468704578,0.0001_to_below_0.001_si,0.03393692289243314,0.06564602180468569,0.03468137254901961,0.6125541125541125,462,8160,17.662337662337663,0.0,0.0,0.0,0.0,0,3594,,0.0003290566070293163,0.0024443986475424957,210.8998419784802,2.9499030254572056,5.900501687218224,427.00810997144794,0.8358875384440968,0.0,0.0,0.0,0.0,462,0,0.0,1.0,1.0,1.0,1.0,0,0,1.0,7.945681881338373e-07,1.1590329440796436e-05,1.0,0.006894701388073383,0.013818242673687772,1.0,nan
sample_001168,0.08879225996161709,0.01_to_0.1_si,0.04933437744714174,0.09402985074626866,0.06702127659574468,0.1575,400,940,2.35,0.0493730407523511,0.09410007468259896,0.0670926517571885,0.1575,400,939,2.3475,0.0012021139125860758,0.01077619664997551,1.902593513365702,16.388147746715205,61.773531498423026,2.639827040369381,0.5332562026749286,0.0,0.0,0.0,0.0,400,0,0.0,0.0,0.0,0.0,0.0,400,0,0.0,0.00036129661869684543,0.0056639511142410745,1.0,7.582989579575732,23.400598051976655,1.0,nan
sample_001169,0.00289552808184631,0.001_to_below_0.01_si,0.0,0.0,0.0,0.0,112,3458,30.875,0.0,0.0,0.0,0.0,112,3229,28.830357142857142,0.002987161485091407,0.017088992379303686,174.8498535603311,94.00182106955128,236.8890534014613,509.92549185025996,-0.01764320949314342,0.0,0.0,0.0,0.0,112,0,0.0,0.0,0.0,0.0,0.0,112,0,0.0,3.2989413890997335e-06,9.773523987200367e-05,1.0,0.12520897880054999,0.46455620906872397,1.0,nan
sample_001170,0.0042939793112377915,0.001_to_below_0.01_si,0.04488078541374474,0.08590604026845637,0.0512,0.26666666666666666,240,1250,5.208333333333333,0.04772727272727273,0.0911062906724512,0.05511811023622047,0.2625,240,1143,4.7625,0.001060552619320606,0.010152885796088532,47.85304125711794,22.293990582080113,61.9599492924872,86.64488312097467,0.5109771969363934,0.0,0.0,0.0,0.0,240,0,0.0,0.0,0.0,0.0,0.0,240,0,0.0,1.0483347523404518e-05,0.00021216803633307914,1.0,0.23313350787253406,0.7151022317841661,1.0,nan
sample_001171,0.07637421116748525,0.01_to_0.1_si,0.05318491032776747,0.10099823840281856,0.0745880312228968,0.15636363636363637,550,1153,2.096363636363636,0.05338299193047796,0.10135533294048321,0.07497820401046207,0.15636363636363637,550,1147,2.0854545454545454,0.0014569386393231834,0.011639854174576745,2.03753489931626,20.52138193018615,57.172813510415565,2.0123924880285156,0.46484023919987283,0.0,0.0,0.0,0.0,550,0,0.0,0.0,0.0,0.0,0.0,550,0,0.0,0.00042730525440977846,0.005712714014607926,1.0,9.460998579497623,28.41036917526271,1.0,nan
sample_001172,0.02654968269372322,0.01_to_0.1_si,0.17684887459807075,0.3005464480874317,0.25462962962962965,0.36666666666666664,450,648,1.44,0.17768147345612134,0.3017479300827967,0.25745682888540034,0.36444444444444446,450,637,1.4155555555555555,0.0006663944642609507,0.007576960798483327,4.218082349946836,7.808685939217262,26.52208162837945,5.683975582628188,0.8438816963173251,0.0,0.0,0.0,0.0,450,0,0.0,0.0,0.0,0.0,0.0,450,0,0.0,0.000121534799291112,0.0017963046166177446,1.0,1.8402930086626768,4.666114631005509,1.0,nan
sample_001173,0.0009735364450347019,0.0001_to_below_0.001_si,0.04502541757443718,0.08617095205003475,0.06256306760847628,0.13839285714285715,448,991,2.2120535714285716,0.0,0.0,0.0,0.0,0,731,,0.00040268967285079653,0.005856835443321747,89.1163498287869,6.465301362912576,20.218648348374487,104.17887880664698,0.7958190641791789,0.0,0.0,0.0,0.0,448,0,0.0,1.0,1.0,1.0,1.0,0,0,1.0,4.436689588753022e-06,6.57212223635066e-05,1.0,0.07839977486063109,0.19407627131311056,1.0,nan
sample_001174,0.07211529980392285,0.01_to_0.1_si,0.1038135593220339,0.18809980806142035,0.12468193384223919,0.3828125,256,786,3.0703125,0.1040339702760085,0.18846153846153846,0.125,0.3828125,256,784,3.0625,0.0008359268619643733,0.008840605766329146,2.402261103345401,11.11030368677614,32.29774048631655,3.94728984795397,0.758936427796402,0.0,0.0,0.0,0.0,256,0,0.0,0.0,0.0,0.0,0.0,256,0,0.0,0.00018780026584863663,0.003680118599105515,1.0,2.9450798575936536,8.182257125875285,1.0,nan
sample_001175,0.005395482088947479,0.001_to_below_0.01_si,0.1422893481717011,0.24913013221990257,0.19185423365487675,0.3551587301587302,504,933,1.8511904761904763,0.1866235167206041,0.3145454545454546,0.2902684563758389,0.34325396825396826,504,596,1.1825396825396826,0.000475727498075208,0.0065744306673324445,17.017595820906358,4.619621391672262,10.784733045505225,19.115379214899942,0.9699517795726038,0.0,0.0,0.0,0.0,504,0,0.0,0.0,0.0,0.0,0.0,504,0,0.0,2.766238480944594e-05,0.00038633134412886127,1.0,0.2681410983532609,0.5641914253575887,1.0,nan
sample_001176,0.08096259941888086,0.01_to_0.1_si,0.027672273467173086,0.05385427666314678,0.031598513011152414,0.18214285714285713,280,1614,5.764285714285714,0.027747551686615888,0.05399682371625199,0.031696706028589185,0.18214285714285713,280,1609,5.746428571428571,0.0017708854922665357,0.013134654690448146,3.039770537630826,36.70803946156046,95.25434901498205,5.358606912847948,0.3785621299091423,0.0,0.0,0.0,0.0,280,0,0.0,0.0,0.0,0.0,0.0,280,0,0.0,0.00023060635915802172,0.004320936244314413,1.0,5.558603576196049,17.77595381863101,1.0,nan
sample_001177,0.005887081563220957,0.001_to_below_0.01_si,0.01422387136672851,0.02804878048780488,0.01749049429657795,0.07076923076923076,325,1315,4.046153846153846,0.014906027219701879,0.02937420178799489,0.018533440773569703,0.07076923076923076,325,1241,3.8184615384615386,0.0011969340504324815,0.01078358975992784,31.85717290074163,25.893581765531362,66.50887740017461,49.26480426237021,0.4118959914761779,0.0,0.0,0.0,0.0,325,0,0.0,0.0,0.0,0.0,0.0,325,0,0.0,1.94631088135111e-05,0.0003384980140430728,1.0,0.44437921420606274,1.3500282482797945,1.0,nan
sample_001178,0.0006356513613675872,0.0001_to_below_0.001_si,0.058823529411764705,0.1111111111111111,0.06310679611650485,0.4642857142857143,280,2060,7.357142857142857,0.0,0.0,0.0,0.0,0,1417,,0.0006354519748045263,0.007098109456056279,209.23305641238588,11.813935373387901,34.01237995518134,387.52484015716516,0.7125104961802088,0.0,0.0,0.0,0.0,280,0,0.0,1.0,1.0,1.0,1.0,0,0,1.0,1.8105303685918746e-06,3.392441700065943e-05,1.0,0.03219493793294729,0.08776825749128034,1.0,nan
sample_001179,0.0039846291322071575,0.001_to_below_0.01_si,0.27237728585178056,0.4281391830559758,0.46622734761120266,0.3958041958041958,715,607,0.848951048951049,0.2748768472906404,0.4312210200927357,0.48186528497409326,0.3902097902097902,715,579,0.8097902097902098,0.0005475602561452868,0.007151432424948595,21.044455944588822,7.35194563074505,25.00533590755324,21.84863083113085,0.8509450000096724,0.0,0.0,0.0,0.0,715,0,0.0,0.0,0.0,0.0,0.0,715,0,0.0,2.8981627006411752e-05,0.0003398250087233758,1.0,0.44401768526002255,1.1444806816875945,1.0,nan
sample_001180,0.0054540184607583565,0.001_to_below_0.01_si,0.040208488458674606,0.07730851825340014,0.047493403693931395,0.2076923076923077,260,1137,4.373076923076923,0.042993630573248405,0.08244274809160305,0.05142857142857143,0.2076923076923077,260,1050,4.038461538461538,0.0009973800610368795,0.009841782816093108,35.08779777363521,20.247990025785583,56.50028370385384,63.13879735413203,0.5707422486183267,0.0,0.0,0.0,0.0,260,0,0.0,0.0,0.0,0.0,0.0,260,0,0.0,1.4425097087193231e-05,0.0002804901829287267,1.0,0.30125895627444305,0.8948584083246912,1.0,nan
sample_001181,0.014506697101733683,0.01_to_0.1_si,0.16055045871559634,0.2766798418972332,0.330188679245283,0.23809523809523808,882,636,0.7210884353741497,0.16222570532915362,0.2791638570465273,0.34442595673876875,0.23469387755102042,882,601,0.68140589569161,0.0006487331182994915,0.007289167609377147,5.304698523481958,4.967081935040597,11.357877813490814,5.366485668344665,0.92912547722065,0.0,0.0,0.0,0.0,882,0,0.0,0.0,0.0,0.0,0.0,882,0,0.0,0.00013015651967407393,0.00137409648769118,1.0,1.104588144958573,2.1164461279543936,1.0,nan
sample_001182,0.00011565610600511154,0.0001_to_below_0.001_si,0.043891733723482075,0.08409250175192712,0.0495458298926507,0.2777777777777778,432,2422,5.606481481481482,0.0,0.0,0.0,0.0,0,1616,,0.0008070890074370427,0.008184657370951006,1067.5191232511695,20.36547901829134,78.9834258787598,1799.2771999652357,0.4568229618784474,0.0,0.0,0.0,0.0,432,0,0.0,1.0,1.0,1.0,1.0,0,0,1.0,5.082543665935191e-07,7.66698899596695e-06,1.0,0.013408727144761778,0.04389730825260602,1.0,nan
sample_001183,0.01028479404983488,0.01_to_0.1_si,0.15060240963855423,0.2617801047120419,0.1953125,0.3968253968253968,315,640,2.0317460317460316,0.16621983914209115,0.2850574712643678,0.22342342342342342,0.39365079365079364,315,555,1.7619047619047619,0.0005158685931903794,0.006892193132679225,11.838376241786891,5.2911532645827775,14.629548706586391,17.454084016419866,0.9577201862934677,0.0,0.0,0.0,0.0,315,0,0.0,0.0,0.0,0.0,0.0,315,0,0.0,3.2956037046005804e-05,0.0005821907491291992,1.0,0.36127501579956994,0.8381733864019267,1.0,nan
sample_001184,0.00042809997982191456,0.0001_to_below_0.001_si,0.1912023460410557,0.3210241260462826,0.31867057673509286,0.32341269841269843,1008,1023,1.0148809523809523,0.0,0.0,0.0,0.0,0,746,,0.00043565724342248014,0.0061340985891576395,141.50144737806923,6.823687127597286,21.304129823500173,116.12225720813598,0.8149351913405775,0.0,0.0,0.0,0.0,1008,0,0.0,1.0,1.0,1.0,1.0,0,0,1.0,4.3896969685874865e-06,4.335007664457529e-05,1.0,0.0724211679808876,0.1834629323930117,1.0,nan
sample_001185,0.0005722425446609346,0.0001_to_below_0.001_si,0.023700165349990813,0.04630294328786791,0.02476958525345622,0.3543956043956044,364,5208,14.307692307692308,0.0,0.0,0.0,0.0,0,2204,,0.00033438915314016633,0.003426297467534418,98.39654008107233,3.225023160739258,7.4321334619302055,172.78803301523791,0.9045768248609648,0.0,0.0,0.0,0.0,364,0,0.0,1.0,1.0,1.0,1.0,0,0,1.0,2.1188993836555405e-06,3.482132059431533e-05,1.0,0.020311330525796326,0.04301301040492067,1.0,nan
sample_001186,0.00016038632834886998,0.0001_to_below_0.001_si,0.04213119004407571,0.0808558278392835,0.04430811179277437,0.4616477272727273,704,7335,10.419034090909092,0.0,0.0,0.0,0.0,0,3249,,0.00029975520745078324,0.002322587816061248,171.12129018940317,2.4256251340875576,5.179137679303865,289.5655619231168,0.7962273870866218,0.0,0.0,0.0,0.0,704,0,0.0,1.0,1.0,1.0,1.0,0,0,1.0,1.1486000535872638e-06,1.3572757740959788e-05,1.0,0.008513907275966263,0.017885889623431763,1.0,nan
sample_001187,0.012533302878008731,0.01_to_0.1_si,0.17780429594272076,0.30192502532928067,0.2346456692913386,0.42329545454545453,352,635,1.8039772727272727,0.20053835800807537,0.33408071748878926,0.2759259259259259,0.42329545454545453,352,540,1.5340909090909092,0.0005154782040655719,0.006837220713065689,9.116504354519051,5.074694848978433,11.657514023747073,12.365039599046668,0.97670567207144,0.0,0.0,0.0,0.0,352,0,0.0,0.0,0.0,0.0,0.0,352,0,0.0,4.487836152596477e-05,0.0007499827178469429,1.0,0.4509961694361296,0.9427801609827319,1.0,nan
sample_001188,0.00015123988004579595,0.0001_to_below_0.001_si,0.030191458026509573,0.058613295210864905,0.03266932270916335,0.2847222222222222,288,2510,8.715277777777779,0.0,0.0,0.0,0.0,0,1530,,0.0006143544826812371,0.006948367154032963,848.8008442383343,13.7015609721319,47.03222210001478,1342.1818397744269,0.5500031661387272,0.0,0.0,0.0,0.0,288,0,0.0,1.0,1.0,1.0,1.0,0,0,1.0,4.430855682358015e-07,8.186098307039305e-06,1.0,0.011490752521215336,0.03504161709408855,1.0,nan
sample_001189,0.006380196600327692,0.001_to_below_0.01_si,0.1496415770609319,0.2603273577552611,0.19623971797884843,0.38657407407407407,432,851,1.9699074074074074,0.20224719101123595,0.3364485981308411,0.3050847457627119,0.375,432,531,1.2291666666666667,0.0004530573915160795,0.006404072515512207,15.14139526816569,4.57926321122965,10.451315949405537,17.93259529068921,0.971853500082776,0.0,0.0,0.0,0.0,432,0,0.0,0.0,0.0,0.0,0.0,432,0,0.0,2.803797360684257e-05,0.00042295128038672693,1.0,0.28432430770056094,0.5828111201969728,1.0,nan
sample_001190,0.06934037603812422,0.01_to_0.1_si,0.06693877551020408,0.12547819433817903,0.09001097694840834,0.20707070707070707,396,911,2.3005050505050506,0.06699346405228758,0.12557427258805512,0.09010989010989011,0.20707070707070707,396,910,2.297979797979798,0.001088469681422863,0.010011841242896665,2.2749180217614007,14.667310145142658,45.234912980300166,2.6540443115527537,0.5773717972799971,0.0,0.0,0.0,0.0,396,0,0.0,0.0,0.0,0.0,0.0,396,0,0.0,0.00027932525335927494,0.004400967923734147,1.0,5.664985907876809,17.0437670476705,1.0,nan
sample_001191,0.0029997842546341433,0.001_to_below_0.01_si,0.06777837547068316,0.1269521410579345,0.07650273224043716,0.3727810650887574,338,1647,4.872781065088757,0.09239574816026165,0.1691616766467066,0.11322645290581163,0.3343195266272189,338,998,2.9526627218934913,0.0003555314692046732,0.005182212183488334,29.461335075235706,3.483134781729603,7.776322965273215,37.743118330038264,0.9556006388443703,0.0,0.0,0.0,0.0,338,0,0.0,0.0,0.0,0.0,0.0,338,0,0.0,1.0314199390866937e-05,0.00017589875578464,1.0,0.10284718302402407,0.2060328692842621,1.0,nan
sample_001192,0.012607781987101893,0.01_to_0.1_si,0.20811099252934898,0.34452296819787986,0.2817919075144509,0.4431818181818182,440,692,1.5727272727272728,0.20559741657696448,0.3410714285714286,0.28088235294117647,0.4340909090909091,440,680,1.5454545454545454,0.000673707635644118,0.007881078811159545,9.343427738436944,9.373226686187822,30.67303718105685,12.94423327768013,0.8203583674333303,0.0,0.0,0.0,0.0,440,0,0.0,0.0,0.0,0.0,0.0,440,0,0.0,5.6431316579619306e-05,0.0008434890311976629,1.0,0.8849185077348576,2.369629511695116,1.0,nan
sample_001193,0.029695565034200594,0.01_to_0.1_si,0.19138149556400508,0.32127659574468087,0.23159509202453987,0.5243055555555556,288,652,2.263888888888889,0.1882202304737516,0.3168103448275862,0.2296875,0.5104166666666666,288,640,2.2222222222222223,0.0006326154780418835,0.007546655532228259,4.695180437055446,7.948445888483863,27.272077585527253,8.064972077414122,0.8507594744464618,0.0,0.0,0.0,0.0,288,0,0.0,0.0,0.0,0.0,0.0,288,0,0.0,8.699872523720842e-05,0.0016073195979154102,1.0,1.3042170345038484,3.381546436087787,1.0,nan
sample_001194,0.005532265731891121,0.001_to_below_0.01_si,0.21076233183856502,0.34814814814814815,0.24102564102564103,0.6266666666666667,300,780,2.6,0.23910171730515192,0.3859275053304904,0.2836990595611285,0.6033333333333334,300,638,2.1266666666666665,0.0005257945550468801,0.007009068594403317,22.93412907484877,6.688883916258647,20.424769665189224,39.02397732893045,0.9018527647214757,0.0,0.0,0.0,0.0,300,0,0.0,0.0,0.0,0.0,0.0,300,0,0.0,1.6883134890122165e-05,0.00030561738671341004,1.0,0.2188299344321543,0.5233902606346407,1.0,nan
sample_001195,0.0037092263436516544,0.001_to_below_0.01_si,0.11554921540656206,0.2071611253196931,0.16135458167330677,0.2892857142857143,560,1004,1.792857142857143,0.13737734165923282,0.2415686274509804,0.2153846153846154,0.275,560,715,1.2767857142857142,0.00047068564360376223,0.006531064038057717,23.328788376493815,4.8117114769075355,11.066248480637949,23.84219869617578,0.9757861247964896,0.0,0.0,0.0,0.0,560,0,0.0,0.0,0.0,0.0,0.0,560,0,0.0,2.1130033095081064e-05,0.0002799572756482478,1.0,0.21782317951084987,0.4641454683629046,1.0,nan
sample_001196,0.08464598191171153,0.01_to_0.1_si,0.07068062827225131,0.13202933985330073,0.07417582417582418,0.6,90,728,8.088888888888889,0.071334214002642,0.13316892725030827,0.07489597780859916,0.6,90,721,8.011111111111111,0.0007073997403946462,0.00832585336573552,3.2507739067386296,10.032111125316563,35.11515281318659,10.255764593376677,0.7791625981694311,0.0,0.0,0.0,0.0,90,0,0.0,0.0,0.0,0.0,0.0,90,0,0.0,7.749570841042441e-05,0.002561191151582889,1.0,1.1312857714620121,3.4239429438410145,1.0,nan
sample_001197,0.0015600303817478837,0.001_to_below_0.01_si,0.04654255319148936,0.08894536213468869,0.05852842809364549,0.18518518518518517,378,1196,3.164021164021164,0.04708362614195362,0.08993288590604027,0.06025179856115108,0.17724867724867724,378,1112,2.941798941798942,0.0010085256580512814,0.009882785806964061,102.16120797861264,22.22269779520911,92.07714138984248,199.71673787947884,0.47560281091919454,0.0,0.0,0.0,0.0,378,0,0.0,0.0,0.0,0.0,0.0,378,0,0.0,5.998652007122018e-06,9.673716670453832e-05,1.0,0.12868494826932947,0.4610386809212124,1.0,nan
sample_001198,0.0014230738385200567,0.001_to_below_0.01_si,0.002857142857142857,0.005698005698005698,0.0030175015087507543,0.05102040816326531,98,1657,16.908163265306122,0.003205128205128205,0.006389776357827476,0.0034083162917518746,0.05102040816326531,98,1467,14.96938775510204,0.0012839267665801443,0.011089425917636358,246.80513597952685,41.37639401277149,166.96265385085533,953.7667767380727,0.18316393752112325,0.0,0.0,0.0,0.0,98,0,0.0,0.0,0.0,0.0,0.0,98,0,0.0,1.4186730344552718e-06,4.493190902865268e-05,1.0,0.043870617165096625,0.17505605974437008,1.0,nan
sample_001199,0.003458228222570656,0.001_to_below_0.01_si,0.04222520107238606,0.08102893890675242,0.050199203187251,0.21,300,1255,4.183333333333334,0.04982817869415808,0.09492635024549918,0.06290672451193059,0.19333333333333333,300,922,3.0733333333333333,0.0004316189078063251,0.005974340285557301,31.272404550089405,4.369218914580902,10.15709840272402,41.925070452201105,0.9692245053755912,0.0,0.0,0.0,0.0,300,0,0.0,0.0,0.0,0.0,0.0,300,0,0.0,1.0553674911761846e-05,0.00019104192247155558,1.0,0.11100763885186411,0.24226789110120062,1.0,nan
